"Name","Version","Publisher","InstallLocation"
"1527c705-839a-4832-9118-54d4Bd6a0c89","10.0.19640.1000","CN=Microsoft Windows, O=Microsoft Corporation, L=Redmond, S=Washington, C=US","C:\Windows\SystemApps\Microsoft.Windows.FilePicker_cw5n1h2txyewy"
"c5e2524a-ea46-4f67-841f-6a9465d9d515","10.0.26100.1","CN=Microsoft Windows, O=Microsoft Corporation, L=Redmond, S=Washington, C=US","C:\Windows\SystemApps\Microsoft.Windows.FileExplorer_cw5n1h2txyewy"
"E2A4F912-2574-4A75-9BB0-0D023378592B","10.0.19640.1000","CN=Microsoft Windows, O=Microsoft Corporation, L=Redmond, S=Washington, C=US","C:\Windows\SystemApps\Microsoft.Windows.AppResolverUX_cw5n1h2txyewy"
"F46D4000-FD22-4DB4-AC8E-4E1DDDE828FE","10.0.26100.1","CN=Microsoft Windows, O=Microsoft Corporation, L=Redmond, S=Washington, C=US","C:\Windows\SystemApps\Microsoft.Windows.AddSuggestedFoldersToLibraryDialog_cw5n1h2txyewy"
"Microsoft.AAD.BrokerPlugin","1000.19580.1000.2","CN=Microsoft Windows, O=Microsoft Corporation, L=Redmond, S=Washington, C=US","C:\Windows\SystemApps\Microsoft.AAD.BrokerPlugin_cw5n1h2txyewy"
"Microsoft.AccountsControl","10.0.26100.1","CN=Microsoft Windows, O=Microsoft Corporation, L=Redmond, S=Washington, C=US","C:\Windows\SystemApps\Microsoft.AccountsControl_cw5n1h2txyewy"
"Microsoft.AsyncTextService","10.0.26100.1","CN=Microsoft Corporation, O=Microsoft Corporation, L=Redmond, S=Washington, C=US","C:\Windows\SystemApps\Microsoft.AsyncTextService_8wekyb3d8bbwe"
"Microsoft.BioEnrollment","10.0.19587.1000","CN=Microsoft Windows, O=Microsoft Corporation, L=Redmond, S=Washington, C=US","C:\Windows\SystemApps\Microsoft.BioEnrollment_cw5n1h2txyewy"
"Microsoft.CredDialogHost","10.0.19595.1001","CN=Microsoft Windows, O=Microsoft Corporation, L=Redmond, S=Washington, C=US","C:\Windows\SystemApps\microsoft.creddialoghost_cw5n1h2txyewy"
"Microsoft.MicrosoftEdgeDevToolsClient","1000.25128.1000.0","CN=Microsoft Corporation, O=Microsoft Corporation, L=Redmond, S=Washington, C=US","C:\Windows\SystemApps\Microsoft.MicrosoftEdgeDevToolsClient_8wekyb3d8bbwe"
"Microsoft.Win32WebViewHost","10.0.26100.1","CN=Microsoft Windows, O=Microsoft Corporation, L=Redmond, S=Washington, C=US","C:\Windows\SystemApps\Microsoft.Win32WebViewHost_cw5n1h2txyewy"
"Microsoft.Windows.Apprep.ChxApp","1000.25128.1000.0","CN=Microsoft Windows, O=Microsoft Corporation, L=Redmond, S=Washington, C=US","C:\Windows\SystemApps\Microsoft.Windows.AppRep.ChxApp_cw5n1h2txyewy"
"Microsoft.Windows.AssignedAccessLockApp","1000.25128.1000.0","CN=Microsoft Windows, O=Microsoft Corporation, L=Redmond, S=Washington, C=US","C:\Windows\SystemApps\Microsoft.Windows.AssignedAccessLockApp_cw5n1h2txyewy"
"Microsoft.Windows.AugLoop.CBS","1.1126.2131.0","CN=Microsoft Corporation, O=Microsoft Corporation, L=Redmond, S=Washington, C=US","C:\Windows\SystemApps\Microsoft.Windows.AugLoop.CBS_8wekyb3d8bbwe"
"Microsoft.Windows.CapturePicker","10.0.19580.1000","CN=Microsoft Windows, O=Microsoft Corporation, L=Redmond, S=Washington, C=US","C:\Windows\SystemApps\Microsoft.Windows.CapturePicker_cw5n1h2txyewy"
"Microsoft.Windows.CloudExperienceHost","10.0.26100.1","CN=Microsoft Windows, O=Microsoft Corporation, L=Redmond, S=Washington, C=US","C:\Windows\SystemApps\Microsoft.Windows.CloudExperienceHost_cw5n1h2txyewy"
"Microsoft.Windows.ContentDeliveryManager","10.0.26100.1","CN=Microsoft Windows, O=Microsoft Corporation, L=Redmond, S=Washington, C=US","C:\Windows\SystemApps\Microsoft.Windows.ContentDeliveryManager_cw5n1h2txyewy"
"Microsoft.Windows.ParentalControls","1000.25128.1000.0","CN=Microsoft Windows, O=Microsoft Corporation, L=Redmond, S=Washington, C=US","C:\Windows\SystemApps\ParentalControls_cw5n1h2txyewy"
"Microsoft.Windows.PeopleExperienceHost","10.0.26100.1","CN=Microsoft Windows, O=Microsoft Corporation, L=Redmond, S=Washington, C=US","C:\Windows\SystemApps\Microsoft.Windows.PeopleExperienceHost_cw5n1h2txyewy"
"Microsoft.Windows.PinningConfirmationDialog","1000.25140.1001.0","CN=Microsoft Windows, O=Microsoft Corporation, L=Redmond, S=Washington, C=US","C:\Windows\SystemApps\Microsoft.Windows.PinningConfirmationDialog_cw5n1h2txyewy"
"Microsoft.Windows.PrintQueueActionCenter","1.0.2.0","CN=Microsoft Windows, O=Microsoft Corporation, L=Redmond, S=Washington, C=US","C:\Windows\SystemApps\Microsoft.Windows.PrintQueueActionCenter_cw5n1h2txyewy"
"Microsoft.Windows.SecureAssessmentBrowser","10.0.26100.1","CN=Microsoft Windows, O=Microsoft Corporation, L=Redmond, S=Washington, C=US","C:\Windows\SystemApps\Microsoft.Windows.SecureAssessmentBrowser_cw5n1h2txyewy"
"Microsoft.Windows.ShellExperienceHost","10.0.26100.8115","CN=Microsoft Windows, O=Microsoft Corporation, L=Redmond, S=Washington, C=US","C:\Windows\SystemApps\ShellExperienceHost_cw5n1h2txyewy"
"Microsoft.Windows.StartMenuExperienceHost","10.0.26100.4768","CN=Microsoft Windows, O=Microsoft Corporation, L=Redmond, S=Washington, C=US","C:\Windows\SystemApps\Microsoft.Windows.StartMenuExperienceHost_cw5n1h2txyewy"
"Microsoft.Windows.XGpuEjectDialog","10.0.26100.1","CN=Microsoft Windows, O=Microsoft Corporation, L=Redmond, S=Washington, C=US","C:\Windows\SystemApps\Microsoft.Windows.XGpuEjectDialog_cw5n1h2txyewy"
"Microsoft.XboxGameCallableUI","1000.25128.1000.0","CN=Microsoft Windows, O=Microsoft Corporation, L=Redmond, S=Washington, C=US","C:\Windows\SystemApps\Microsoft.XboxGameCallableUI_cw5n1h2txyewy"
"MicrosoftWindows.60719890.Voiess","1000.26100.8115.0","CN=Microsoft Windows, O=Microsoft Corporation, L=Redmond, S=Washington, C=US","C:\Windows\SystemApps\SxS\MicrosoftWindows.60719890.Voiess_cw5n1h2txyewy"
"MicrosoftWindows.60719895.Livtop","1000.26100.8115.0","CN=Microsoft Windows, O=Microsoft Corporation, L=Redmond, S=Washington, C=US","C:\Windows\SystemApps\SxS\MicrosoftWindows.60719895.Livtop_cw5n1h2txyewy"
"MicrosoftWindows.60719896.Speion","1000.26100.8115.0","CN=Microsoft Windows, O=Microsoft Corporation, L=Redmond, S=Washington, C=US","C:\Windows\SystemApps\SxS\MicrosoftWindows.60719896.Speion_cw5n1h2txyewy"
"MicrosoftWindows.60719898.InpApp","1000.26100.8115.0","CN=Microsoft Windows, O=Microsoft Corporation, L=Redmond, S=Washington, C=US","C:\Windows\SystemApps\SxS\MicrosoftWindows.60719898.InpApp_cw5n1h2txyewy"
"MicrosoftWindows.Client.Photon","1000.26100.10.0","CN=Microsoft Windows, O=Microsoft Corporation, L=Redmond, S=Washington, C=US","C:\Windows\SystemApps\MicrosoftWindows.Client.Photon_cw5n1h2txyewy"
"MicrosoftWindows.UndockedDevKit","10.0.26100.1","CN=Microsoft Windows, O=Microsoft Corporation, L=Redmond, S=Washington, C=US","C:\Windows\SystemApps\MicrosoftWindows.UndockedDevKit_cw5n1h2txyewy"
"Windows.CBSPreview","10.0.19580.1000","CN=Microsoft Windows, O=Microsoft Corporation, L=Redmond, S=Washington, C=US","C:\Windows\SystemApps\Windows.CBSPreview_cw5n1h2txyewy"
"windows.immersivecontrolpanel","10.0.8.1000","CN=Microsoft Windows, O=Microsoft Corporation, L=Redmond, S=Washington, C=US","C:\Windows\ImmersiveControlPanel"
"Windows.PrintDialog","6.2.3.0","CN=Microsoft Windows, O=Microsoft Corporation, L=Redmond, S=Washington, C=US","C:\Windows\SystemApps\Windows.PrintDialog_cw5n1h2txyewy"
"Microsoft.AIFabric.CBS.1.6","1.6.938.100","CN=Microsoft Corporation, O=Microsoft Corporation, L=Redmond, S=Washington, C=US","C:\Windows\SystemApps\Microsoft.AIFabric.CBS.1.6_8wekyb3d8bbwe"
"Microsoft.UI.Xaml.CBS","9.2603.18001.0","CN=Microsoft Corporation, O=Microsoft Corporation, L=Redmond, S=Washington, C=US","C:\Windows\SystemApps\Microsoft.UI.Xaml.CBS_8wekyb3d8bbwe"
"Microsoft.Windows.OOBENetworkCaptivePortal","10.0.26569.1000","CN=Microsoft Windows, O=Microsoft Corporation, L=Redmond, S=Washington, C=US","C:\Windows\SystemApps\Microsoft.Windows.OOBENetworkCaptivePortal_cw5n1h2txyewy"
"Microsoft.Windows.OOBENetworkConnectionFlow","10.0.26569.1000","CN=Microsoft Windows, O=Microsoft Corporation, L=Redmond, S=Washington, C=US","C:\Windows\SystemApps\Microsoft.Windows.OOBENetworkConnectionFlow_cw5n1h2txyewy"
"Microsoft.WindowsAppRuntime.CBS.1.8","8000.800.1936.100","CN=Microsoft Corporation, O=Microsoft Corporation, L=Redmond, S=Washington, C=US","C:\Windows\SystemApps\Microsoft.WindowsAppRuntime.vNext.CBS_8wekyb3d8bbwe"
"MicrosoftWindows.Client.FileExp","1000.26100.7.0","CN=Microsoft Windows, O=Microsoft Corporation, L=Redmond, S=Washington, C=US","C:\Windows\SystemApps\MicrosoftWindows.Client.FileExp_cw5n1h2txyewy"
"Microsoft.WindowsAppRuntime.CBS.1.6","6000.872.154.100","CN=Microsoft Corporation, O=Microsoft Corporation, L=Redmond, S=Washington, C=US","C:\Windows\SystemApps\Microsoft.WindowsAppRuntime.CBS_8wekyb3d8bbwe"
"Microsoft.WindowsAppRuntime.CBS.2","2.1.1.100","CN=Microsoft Corporation, O=Microsoft Corporation, L=Redmond, S=Washington, C=US","C:\Windows\SystemApps\Microsoft.WindowsAppRuntime.CBS.2_8wekyb3d8bbwe"
"Microsoft.ECApp","10.0.26100.8737","CN=Microsoft Corporation, O=Microsoft Corporation, L=Redmond, S=Washington, C=US","C:\Windows\SystemApps\Microsoft.ECApp_8wekyb3d8bbwe"
"Microsoft.LockApp","10.0.26100.8737","CN=Microsoft Windows, O=Microsoft Corporation, L=Redmond, S=Washington, C=US","C:\Windows\SystemApps\Microsoft.LockApp_cw5n1h2txyewy"
"MicrosoftWindows.57242383.Tasbar","1000.26100.8737.0","CN=Microsoft Windows, O=Microsoft Corporation, L=Redmond, S=Washington, C=US","C:\Windows\SystemApps\SxS\MicrosoftWindows.57242383.Tasbar_cw5n1h2txyewy"
"MicrosoftWindows.61869720.Voiess","1000.26100.8737.0","CN=Microsoft Windows, O=Microsoft Corporation, L=Redmond, S=Washington, C=US","C:\Windows\SystemApps\SxS\MicrosoftWindows.61869720.Voiess_cw5n1h2txyewy"
"MicrosoftWindows.61869721.Livtop","1000.26100.8737.0","CN=Microsoft Windows, O=Microsoft Corporation, L=Redmond, S=Washington, C=US","C:\Windows\SystemApps\SxS\MicrosoftWindows.61869721.Livtop_cw5n1h2txyewy"
"MicrosoftWindows.61869722.Speion","1000.26100.8737.0","CN=Microsoft Windows, O=Microsoft Corporation, L=Redmond, S=Washington, C=US","C:\Windows\SystemApps\SxS\MicrosoftWindows.61869722.Speion_cw5n1h2txyewy"
"MicrosoftWindows.61869836.InpApp","1000.26100.8737.0","CN=Microsoft Windows, O=Microsoft Corporation, L=Redmond, S=Washington, C=US","C:\Windows\SystemApps\SxS\MicrosoftWindows.61869836.InpApp_cw5n1h2txyewy"
"MicrosoftWindows.Client.CBS","1000.26100.334.0","CN=Microsoft Windows, O=Microsoft Corporation, L=Redmond, S=Washington, C=US","C:\Windows\SystemApps\MicrosoftWindows.Client.CBS_cw5n1h2txyewy"
"MicrosoftWindows.Client.CoreAI","1000.26100.8875.0","CN=Microsoft Windows, O=Microsoft Corporation, L=Redmond, S=Washington, C=US","C:\Windows\SystemApps\MicrosoftWindows.Client.CoreAI_cw5n1h2txyewy"
"MicrosoftWindows.Client.Core","1000.26100.131.0","CN=Microsoft Windows, O=Microsoft Corporation, L=Redmond, S=Washington, C=US","C:\Windows\SystemApps\MicrosoftWindows.Client.Core_cw5n1h2txyewy"
"MicrosoftWindows.Client.OOBE","1000.26100.47.0","CN=Microsoft Windows, O=Microsoft Corporation, L=Redmond, S=Washington, C=US","C:\Windows\SystemApps\MicrosoftWindows.Client.OOBE_cw5n1h2txyewy"
