"DisplayName","DisplayVersion","Publisher","InstallDate","InstallLocation","UninstallString"
"7-Zip 26.02 (x64)","26.02","Igor Pavlov",,"C:\Program Files\7-Zip\","""C:\Program Files\7-Zip\Uninstall.exe"""
"BarTender","11.5.1","Seagull Software","20260528","C:\Program Files\Seagull\BarTender 11.5\","MsiExec.exe /I{3508A484-88F0-487A-BAC4-97C1D89F44E1}"
"BarTender 11.5.1","11.5.1.245374","Seagull Software",,"C:\Program Files\Seagull\BarTender 11.5\","msiexec.exe /I{3508A484-88F0-487A-BAC4-97C1D89F44E1}"
"BrightAuthor 5.0","5.0.2.0","BrightSign",,,"""C:\ProgramData\Package Cache\{d7575d1d-d4b5-4f8e-8602-46e14a6673df}\BrightAuthorSetup.exe""  /uninstall"
"Browser for SQL Server 2019","15.0.2000.5","Microsoft Corporation","20260721","","MsiExec.exe /X{5E366957-8D78-4BB5-A790-96F97A9766BD}"
"Check Point VPN","98.61.5609","Check Point Software Technologies Ltd.","20260523","","MsiExec.exe /I{7FF705A8-27D9-46C9-955F-C12B39FC2A8E}"
"Cirrus Audio Driver","1.2.44","Cirrus Logic Inc.",,,"""C:\ProgramData\Package Cache\{6276ed23-c265-45a2-969d-cdced1788380}\Installer.exe""  /uninstall"
"Cirrus Audio Driver Setup","1.2.44","Cirrus Logic Inc.","20260616","C:\Program Files\Cirrus\","MsiExec.exe /X{5C679B45-3F48-433F-B052-3FC02BB08454}"
"Dell Command | Update for Windows Universal","5.7.1","Dell Inc.","20260811","C:\Program Files\Dell\CommandUpdate\","MsiExec.exe /X{C4B7E2A9-5F18-4D63-A91C-8E0F3D7B6A2E}"
"Dell Core Services","1.15.13.0","Dell, Inc.","20260810","C:\Program Files\Dell\","MsiExec.exe /I{832D0FA7-2C69-4D81-BE54-0B2F610DCF11}"
"Dell Display and Peripheral Manager","2.3.0.17","Dell Technologies","20260810","C:\Program Files\Dell\Dell Display and Peripheral Manager","""C:\Program Files\Dell\Dell Display and Peripheral Manager\Installer\setup.exe"" -runfromtemp  -removeonly"
"Dell Peripheral Core","2.3.0.104","Dell Inc.",,,"C:\Program Files\Dell\Dell Peripheral Manager\Uninstall.exe"
"Dell SupportAssist OS Recovery Plugin for Dell Update","5.5.16.2","Dell Inc.",,,"""C:\ProgramData\Package Cache\{b3c36809-8826-491b-9611-e5a1808c1633}\DellUpdateSupportAssistPlugin.exe""  /uninstall"
"File_Watcher","1.0.0","NIQ","20260523","C:\Program Files\File_Watcher\",
"FlexNet Inventory Agent","24.00.1511","Flexera Software LLC","20260522","C:\Program Files (x86)\ManageSoft\","MsiExec.exe /I{B084FC3E-CA12-4E4D-92C1-64167CFC3308}"
"GDR 2170 for SQL Server 2019 (KB5090408) (64-bit)","15.0.2170.1","Microsoft Corporation","20260529",,"""C:\Program Files\Microsoft SQL Server\150\Setup Bootstrap\Update Cache\KB5090408\GDR\setup.exe"" /Action=RemovePatch /AllInstances "
"GDR 2180 for SQL Server 2019 (KB5102336) (64-bit)","15.0.2180.2","Microsoft Corporation","20260721",,"""C:\Program Files\Microsoft SQL Server\150\Setup Bootstrap\Update Cache\KB5102336\GDR\setup.exe"" /Action=RemovePatch /AllInstances "
"Google Chrome","151.0.7922.138","Google LLC","20260818","","MsiExec.exe /X{87A09251-FFBC-3D08-92EE-0EE8B728CFC6}"
"Intel(R) Graphics Software & Drivers","1.0.1210.0","Intel(R) Corporation",,,"""C:\Program Files\Intel\Intel(R) Graphics Software & Drivers\Uninstaller.exe"" --uninstaller"
"Microsoft .NET 8.0.30 - Windows Server Hosting","8.0.30.26373","Microsoft Corporation",,,"""C:\ProgramData\Package Cache\{da035e95-ecb4-4cec-854c-87f6b29fde6b}\WindowsServerHostingBundle.exe""  /uninstall"
"Microsoft .NET Host - 10.0.11 (x64)","80.44.56884","Microsoft Corporation","20260819","","MsiExec.exe /X{E1510730-5A34-4EF3-B865-84351D8BF1BA}"
"Microsoft .NET Host - 8.0.30 (x64)","64.120.56788","Microsoft Corporation","20260819","","MsiExec.exe /X{01FD5326-81BD-4DEA-9F01-3D69BBDDA75E}"
"Microsoft .NET Host - 8.0.30 (x86)","64.120.56788","Microsoft Corporation","20260819","","MsiExec.exe /X{B2611E88-DDA5-4398-9EC9-757285DDED05}"
"Microsoft .NET Host FX Resolver - 10.0.11 (x64)","80.44.56884","Microsoft Corporation","20260819","","MsiExec.exe /X{208D3FC0-B592-4221-8E53-6B21621E9951}"
"Microsoft .NET Host FX Resolver - 8.0.30 (x64)","64.120.56788","Microsoft Corporation","20260819","","MsiExec.exe /X{563AD235-9445-4075-8F11-C4D08A8E639B}"
"Microsoft .NET Host FX Resolver - 8.0.30 (x86)","64.120.56788","Microsoft Corporation","20260819","","MsiExec.exe /X{E04238D6-3B6D-4D01-959C-37F9408EA825}"
"Microsoft .NET Runtime - 10.0.11 (x64)","80.44.56884","Microsoft Corporation","20260819","","MsiExec.exe /X{0B4F3EF1-06F1-46E4-B662-A33DECC02141}"
"Microsoft .NET Runtime - 8.0.30 (x64)","64.120.56788","Microsoft Corporation","20260819","","MsiExec.exe /X{D629906C-1E1C-4728-AB21-81690B4F435C}"
"Microsoft .NET Runtime - 8.0.30 (x86)","8.0.30.36317","Microsoft Corporation",,,"""C:\ProgramData\Package Cache\{ba372ec5-e978-4708-b009-dee269f54829}\dotnet-runtime-8.0.30-win-x86.exe""  /uninstall"
"Microsoft 365 Apps for enterprise - en-us","16.0.20228.20188","Microsoft Corporation",,"C:\Program Files\Microsoft Office","""C:\Program Files\Common Files\Microsoft Shared\ClickToRun\OfficeClickToRun.exe"" scenario=install scenariosubtype=ARP sourcetype=None productstoremove=O365ProPlusRetail.16_en-us_x-none culture=en-us version.16=16.0"
"Microsoft ASP.NET Core 8.0.30 - Shared Framework (x64)","8.0.30.26373","Microsoft Corporation",,,"""C:\ProgramData\Package Cache\{0fc4ad3e-5d77-46ea-8b39-5162d51fe470}\AspNetCoreSharedFrameworkBundle-x64.exe""  /uninstall"
"Microsoft ASP.NET Core 8.0.30 - Shared Framework (x86)","8.0.30.26373","Microsoft Corporation",,,"""C:\ProgramData\Package Cache\{d684fbd8-754b-406e-8dbd-1b2b1f2f67dc}\AspNetCoreSharedFrameworkBundle-x86.exe""  /uninstall"
"Microsoft ASP.NET Core 8.0.30 Hosting Bundle Options","8.0.30.26373","Microsoft Corporation","20260819","","MsiExec.exe /I{F4291768-629B-3B3A-92F3-90FFBD9E3E1E}"
"Microsoft ASP.NET Core 8.0.30 Shared Framework (x64)","8.0.30.26373","Microsoft Corporation","20260819","","MsiExec.exe /X{A081A51B-E62A-39B8-913E-BADD8740D7C5}"
"Microsoft ASP.NET Core 8.0.30 Shared Framework (x86)","8.0.30.26373","Microsoft Corporation","20260819","","MsiExec.exe /X{98AA17D7-FF83-3C11-B247-5AD82E63F6AE}"
"Microsoft Edge","151.0.4129.93","Microsoft Corporation","20260819","C:\Program Files (x86)\Microsoft\Edge\Application","""C:\Program Files (x86)\Microsoft\Edge\Application\151.0.4129.93\Installer\setup.exe"" --uninstall --msedge --channel=stable --system-level --verbose-logging"
"Microsoft Edge WebView2 Runtime","151.0.4129.86","Microsoft Corporation","20260817","C:\Program Files (x86)\Microsoft\EdgeWebView\Application","""C:\Program Files (x86)\Microsoft\EdgeWebView\Application\151.0.4129.86\Installer\setup.exe"" --uninstall --msedgewebview --system-level --verbose-logging"
"Microsoft Intune Management Extension","1.104.102.0","Microsoft Corporation","20260806","","MsiExec.exe /I{6A7DFC50-0395-4E1E-BF84-ED1404E72051}"
"Microsoft ODBC Driver 17 for SQL Server","17.10.6.1","Microsoft Corporation","20260529","","MsiExec.exe /I{0E0F96AC-80DE-4400-A40C-429D63293651}"
"Microsoft OLE DB Driver for SQL Server","18.7.4.0","Microsoft Corporation","20260529","","MsiExec.exe /I{76EB75D2-CCF6-41A9-90B6-922DE9146276}"
"Microsoft OneDrive","26.139.0720.0007","Microsoft Corporation",,,"""C:\Program Files\Microsoft OneDrive\26.139.0720.0007\OneDriveSetup.exe""  /uninstall  /allusers "
"Microsoft Power BI Desktop (x64)","2.156.951.0","Microsoft Corporation","20260723","","MsiExec.exe /X{4deec406-d7e0-43e5-bef4-f31b60a07d81}"
"Microsoft PowerBI Desktop (x64)","2.156.951.0","Microsoft Corporation",,,"""C:\ProgramData\Package Cache\{a248528d-52c3-4e4a-9266-dfbd6f8bb82b}\PBIDesktopSetup_x64.exe""  /uninstall"
"Microsoft SQL Server 2012 Native Client ","11.4.7515.2","Microsoft Corporation","20260529","","MsiExec.exe /I{ADA823D7-2A3F-4FC6-96AC-C11656168D1E}"
"Microsoft SQL Server 2014 Express LocalDB ","12.3.6024.0","Microsoft Corporation","20260528","","MsiExec.exe /I{BAF67399-85CD-4555-9B49-1F80EB921C35}"
"Microsoft SQL Server 2019 (64-bit)",,"Microsoft Corporation",,,"""C:\Program Files\Microsoft SQL Server\150\Setup Bootstrap\SQL2019\x64\SetupARP.exe"""
"Microsoft SQL Server 2019 RsFx Driver","15.0.2000.5","Microsoft Corporation","20260528","","MsiExec.exe /I{5825CDC4-4E99-4CF9-91FE-DB60C0E2F5EA}"
"Microsoft SQL Server 2019 Setup (English)","15.0.4013.40","Microsoft Corporation","20260528","","MsiExec.exe /X{17DCED0E-5B27-453A-B2B4-E487B869B28A}"
"Microsoft SQL Server 2019 T-SQL Language Service ","15.0.2000.5","Microsoft Corporation","20260528","","MsiExec.exe /I{31D27B41-A051-49D8-907A-62E0F4A2188C}"
"Microsoft Teams Meeting Add-in for Microsoft Office","1.26.18801","Microsoft","20260818","","MsiExec.exe /I{A7AB73A3-CB10-4AA5-9D38-6AEFFBDE4C91}"
"Microsoft Visio LTSC Professional 2021 - en-us","16.0.20228.20188","Microsoft Corporation",,"C:\Program Files\Microsoft Office","""C:\Program Files\Common Files\Microsoft Shared\ClickToRun\OfficeClickToRun.exe"" scenario=install scenariosubtype=ARP sourcetype=None productstoremove=VisioPro2021Volume.16_en-us_x-none culture=en-us version.16=16.0"
"Microsoft Visual C++ 2022 X64 Additional Runtime - 14.51.36247","14.51.36247","Microsoft Corporation","20260611","","MsiExec.exe /I{6FA797CF-6B76-4B6D-87EE-768F92008720}"
"Microsoft Visual C++ 2022 X64 Minimum Runtime - 14.51.36247","14.51.36247","Microsoft Corporation","20260611","","MsiExec.exe /I{931A2CF0-2404-45EA-82F5-345735AE6A90}"
"Microsoft Visual C++ 2022 X86 Additional Runtime - 14.51.36247","14.51.36247","Microsoft Corporation","20260611","","MsiExec.exe /I{582BA719-E6F1-4651-A873-049E6A0DDDAF}"
"Microsoft Visual C++ 2022 X86 Minimum Runtime - 14.51.36247","14.51.36247","Microsoft Corporation","20260611","","MsiExec.exe /I{4BF7CE18-E151-449F-9190-6CDBED0BB4A2}"
"Microsoft Visual C++ v14 Redistributable (x64) - 14.51.36247","14.51.36247.0","Microsoft Corporation",,,"""C:\ProgramData\Package Cache\{0e3bb569-69d6-4c34-bff9-c2f81db5e5f0}\VC_redist.x64.exe""  /uninstall"
"Microsoft Visual C++ v14 Redistributable (x86) - 14.51.36247","14.51.36247.0","Microsoft Corporation",,,"""C:\ProgramData\Package Cache\{9a6ce18d-11c0-4452-aa35-9f2b8437c686}\VC_redist.x86.exe""  /uninstall"
"Microsoft Visual Studio Code","1.122.1","Microsoft Corporation","20260531","C:\Program Files\Microsoft VS Code\","""C:\Program Files\Microsoft VS Code\unins000.exe"""
"Microsoft VSS Writer for SQL Server 2019","15.0.2000.5","Microsoft Corporation","20260721","","MsiExec.exe /I{2C33F4D4-E9A5-4DE1-ACFE-3A13464E6703}"
"Microsoft Windows Desktop Runtime - 10.0.11 (x64)","80.44.56884","Microsoft Corporation","20260819","","MsiExec.exe /X{042FE0BF-0E19-47E0-8864-22F483C784E6}"
"Microsoft Windows Desktop Runtime - 8.0.30 (x64)","64.120.56881","Microsoft Corporation","20260819","","MsiExec.exe /X{6784D4C7-0D5A-468F-A27D-4B687DC16EFF}"
"Microsoft Windows Desktop Runtime 10.0.11 (x64)","10.0.11.50000","Microsoft Corporation","20260819",,"""C:\ProgramData\Package Cache\{96749152-C361-49E0-BAC6-818F491B9276}\windowsdesktop-runtime-10.0.11-win-x64.exe""  /uninstall"
"Npcap OEM","1.84","Nmap Project",,"C:\Program Files\Npcap","""C:\Program Files\Npcap\uninstall.exe"""
"Office 16 Click-to-Run Extensibility Component","16.0.20131.20112","Microsoft Corporation","20260721","","MsiExec.exe /X{90160000-008C-0000-1000-0000000FF1CE}"
"Python 3.13.15 Add to Path (64-bit)","3.13.15150.0","Python Software Foundation","20260807","","MsiExec.exe /I{CCE2CFC0-BE0F-42FE-B20B-9B6DB711A130}"
"Python 3.13.15 Core Interpreter (64-bit)","3.13.15150.0","Python Software Foundation","20260807","","MsiExec.exe /I{6A138749-F2A9-4B24-B384-DC423B4057AC}"
"Python 3.13.15 Development Libraries (64-bit)","3.13.15150.0","Python Software Foundation","20260807","","MsiExec.exe /I{6BD0AB95-5A14-418B-9552-0636E3508078}"
"Python 3.13.15 Documentation (64-bit)","3.13.15150.0","Python Software Foundation","20260807","","MsiExec.exe /I{76BFDF3B-8CBB-42C5-A76D-C745EEC564DE}"
"Python 3.13.15 Executables (64-bit)","3.13.15150.0","Python Software Foundation","20260807","","MsiExec.exe /I{B90F2CB7-E388-48FF-BA03-BE13F5445D45}"
"Python 3.13.15 pip Bootstrap (64-bit)","3.13.15150.0","Python Software Foundation","20260807","","MsiExec.exe /I{F5E9FCCB-F42C-447B-9A6D-A1F10D16873C}"
"Python 3.13.15 Standard Library (64-bit)","3.13.15150.0","Python Software Foundation","20260807","","MsiExec.exe /I{29A6183F-228C-4370-A85B-3201A078453E}"
"Python 3.13.15 Tcl/Tk Support (64-bit)","3.13.15150.0","Python Software Foundation","20260807","","MsiExec.exe /I{DFDDB8BD-7449-4F42-971B-30AEC110337C}"
"Python Launcher","3.13.15150.0","Python Software Foundation","20260807","","MsiExec.exe /X{0AE7F899-490C-423C-B3F5-8A520B8BCE14}"
"Spektion Sensor","3.0.8","Spektion","20260729",,"""C:\ProgramData\Package Cache\{741AE3E0-9603-4C18-A603-23C63DAFCC0B}\SensorSetup.exe""  /uninstall"
"SQL Server 2019 Batch Parser","15.0.2000.5","Microsoft Corporation","20260528","","MsiExec.exe /I{D459615B-83B0-408F-8F39-6CC07C277BA6}"
"SQL Server 2019 Common Files","15.0.2000.5","Microsoft Corporation","20260528","","MsiExec.exe /I{5E4344C9-8B97-4ED9-8760-57E221C240F4}"
"SQL Server 2019 Connection Info","15.0.2000.5","Microsoft Corporation","20260528","","MsiExec.exe /I{99B940D5-1A49-4B6C-B26C-6A88B2C061CA}"
"SQL Server 2019 Database Engine Services","15.0.2000.5","Microsoft Corporation","20260721","","MsiExec.exe /I{A60B3D8E-5311-4BF1-AF7A-D1AC15F9152E}"
"SQL Server 2019 Database Engine Shared","15.0.2000.5","Microsoft Corporation","20260721","","MsiExec.exe /I{DE5B7937-D5B5-4157-BC30-BB87F021CFF0}"
"SQL Server 2019 DMF","15.0.2000.5","Microsoft Corporation","20260528","","MsiExec.exe /I{FC8DC283-4A85-467F-8D0E-2FE4606DCCA1}"
"SQL Server 2019 Shared Management Objects","15.0.2000.5","Microsoft Corporation","20260528","","MsiExec.exe /I{A8581199-F913-443B-B058-8E8BF317E71C}"
"SQL Server 2019 Shared Management Objects Extensions","15.0.2000.5","Microsoft Corporation","20260528","","MsiExec.exe /I{8DDAEBCA-4267-4E16-9FE0-D87F21D36891}"
"SQL Server 2019 SQL Diagnostics","15.0.2000.5","Microsoft Corporation","20260528","","MsiExec.exe /I{28ED6838-D8E5-454C-A813-12C5EB447CAB}"
"SQL Server 2019 XEvent","15.0.2000.5","Microsoft Corporation","20260528","","MsiExec.exe /I{228C3DC2-695E-4FC7-87E4-6A9CE905DA9B}"
"Zoho Assist - Customer Plugin","1.0.2","Zoho Corp","20260523","","MsiExec.exe /I{1D0B53A0-E337-4B69-BC27-A1B7C3FBA61A}"
"Zscaler","4.8.0.232","Zscaler Inc.","20260720","","MsiExec.exe /X{BFCD0814-3D81-40A5-805B-8E2B7545B0BF}"
"ZscalerEP","26.05.0.36","Zscaler","20260720","","MsiExec.exe /I{A9B05402-4783-480C-AF85-546F71AEEAA4}"
