"DeviceName","DeviceClass","Manufacturer","DriverVersion","DriverDate","DriverProviderName","IsSigned","InfName"
,,,"",,,"True",
,,,,,,,
,,,"",,,"True",
,,,"2:10.0,2:6.3,2:6.2,2:6.1,2:6.0,2:5.2,2:5.1",,,"True",
,,,"2:10.0,2:6.3,2:6.2,2:6.1,2:6.0,2:5.2,2:5.1",,,"True",
"USB4 Virtual power coordination device",,,,,,,
"Audio Endpoint","AUDIOENDPOINT","Microsoft","10.0.26100.1","31-03-2024 05:30:00","Microsoft","True","audioendpoint.inf"
"Audio Endpoint","AUDIOENDPOINT","Microsoft","10.0.26100.1","31-03-2024 05:30:00","Microsoft","True","audioendpoint.inf"
"Audio Endpoint","AUDIOENDPOINT","Microsoft","10.0.26100.1","31-03-2024 05:30:00","Microsoft","True","audioendpoint.inf"
"Audio Endpoint","AUDIOENDPOINT","Microsoft","10.0.26100.1","31-03-2024 05:30:00","Microsoft","True","audioendpoint.inf"
"Audio Endpoint","AUDIOENDPOINT","Microsoft","10.0.26100.1","31-03-2024 05:30:00","Microsoft","True","audioendpoint.inf"
"Cirrus Logic Enhance APO","AUDIOPROCESSINGOBJECT","Cirrus Logic, Inc.","1.13.6.313","17-12-2024 05:30:00","Cirrus Logic, Inc.","True","oem174.inf"
"Cirrus Logic Enhance APO","AUDIOPROCESSINGOBJECT","Cirrus Logic, Inc.","1.13.6.313","17-12-2024 05:30:00","Cirrus Logic, Inc.","True","oem174.inf"
"intelliGo Audio Processing Object","AUDIOPROCESSINGOBJECT","intelliGo","100.1.4.2740","04-09-2026 05:30:00","intelliGo","True","oem457.inf"
"intelliGo Audio Processing Object","AUDIOPROCESSINGOBJECT","intelliGo","100.1.4.2740","04-09-2026 05:30:00","intelliGo","True","oem457.inf"
"Voice Clarity","AUDIOPROCESSINGOBJECT","Microsoft Corporation","1.0.4.7057","16-06-2026 05:30:00","Microsoft Corporation","True","oem534.inf"
"Microsoft AC Adapter","BATTERY","Microsoft","10.0.26100.8655","21-06-2006 05:30:00","Microsoft","True","cmbatt.inf"
"Microsoft ACPI-Compliant Control Method Battery","BATTERY","Microsoft","10.0.26100.8655","21-06-2006 05:30:00","Microsoft","True","cmbatt.inf"
"Intel(R) Wireless Bluetooth(R)","BLUETOOTH","Intel Corporation","24.50.0.4","05-08-2026 05:30:00","Intel Corporation","True","oem532.inf"
"Camera AI Effect Opt-out","CAMERA","Dell Technologies","1.0.0.1","27-06-2024 05:30:00","Dell Technologies","True","oem486.inf"
"Intel(R) AI Boost","COMPUTEACCELERATOR","Intel Corporation","32.0.100.4778","28-04-2026 05:30:00","Intel Corporation","True","oem570.inf"
"ACPI x64-based PC","COMPUTER","(Standard computers)","10.0.26100.1","21-06-2006 05:30:00","Microsoft","True","hal.inf"
"Computer Device","COMPUTER","Microsoft","10.0.26100.1","21-06-2006 05:30:00","Microsoft","True","compdev.inf"
"DellInstrumentation Device","DELLINSTRUMENTATION","Dell Technologies","2.9.2.0","09-05-2025 05:30:00","Dell Technologies","True","oem46.inf"
"Disk drive","DISKDRIVE","(Standard disk drives)","10.0.26100.8521","21-06-2006 05:30:00","Microsoft","True","disk.inf"
"Intel(R) Graphics","DISPLAY","Intel Corporation","32.0.101.8724","16-04-2026 05:30:00","Intel Corporation","True","oem27.inf"
"NVMe Firmware 58.33.01.09","FIRMWARE","Dell, Inc.","58.33.1.9","01-01-2026 05:30:00","Dell, Inc.","True","oem398.inf"
"System Firmware 2.11.1","FIRMWARE","Dell, Inc.","2.11.1.0","02-12-2026 05:30:00","Dell, Inc.","True","oem340.inf"
"Converted Portable Device Control device","HIDCLASS","Microsoft","10.0.26100.4484","21-06-2006 05:30:00","Microsoft","True","buttonconverter.inf"
"Dell Universal Receiver HID-compliant vendor-defined device","HIDCLASS","Dell Inc.","2.2.0.0","12-03-2025 05:30:00","Dell Inc.","True","oem135.inf"
"HID-compliant consumer control device","HIDCLASS","Microsoft","10.0.26100.1","21-06-2006 05:30:00","Microsoft","True","hidserv.inf"
"HID-compliant consumer control device","HIDCLASS","Microsoft","10.0.26100.1","21-06-2006 05:30:00","Microsoft","True","hidserv.inf"
"HID-compliant consumer control device","HIDCLASS","Microsoft","10.0.26100.1","21-06-2006 05:30:00","Microsoft","True","hidserv.inf"
"HID-compliant consumer control device","HIDCLASS","Microsoft","10.0.26100.1","21-06-2006 05:30:00","Microsoft","True","hidserv.inf"
"HID-compliant consumer control device","HIDCLASS","Microsoft","10.0.26100.1","21-06-2006 05:30:00","Microsoft","True","hidserv.inf"
"HID-compliant device","HIDCLASS","(Standard system devices)","10.0.26100.8875","21-06-2006 05:30:00","Microsoft","True","input.inf"
"HID-compliant headset","HIDCLASS","Microsoft","10.0.26100.8737","21-04-2009 05:30:00","Microsoft","True","hidtelephonydriver.inf"
"HID-compliant headset","HIDCLASS","Microsoft","10.0.26100.8737","21-04-2009 05:30:00","Microsoft","True","hidtelephonydriver.inf"
"HID-compliant system controller","HIDCLASS","(Standard system devices)","10.0.26100.8875","21-06-2006 05:30:00","Microsoft","True","input.inf"
"HID-compliant system controller","HIDCLASS","(Standard system devices)","10.0.26100.8875","21-06-2006 05:30:00","Microsoft","True","input.inf"
"HID-compliant system controller","HIDCLASS","(Standard system devices)","10.0.26100.8875","21-06-2006 05:30:00","Microsoft","True","input.inf"
"HID-compliant system controller","HIDCLASS","(Standard system devices)","10.0.26100.8875","21-06-2006 05:30:00","Microsoft","True","input.inf"
"HID-compliant touch pad","HIDCLASS","(Standard system devices)","10.0.26100.8875","21-06-2006 05:30:00","Microsoft","True","input.inf"
"HID-compliant vendor-defined device","HIDCLASS","(Standard system devices)","10.0.26100.8875","21-06-2006 05:30:00","Microsoft","True","input.inf"
"HID-compliant vendor-defined device","HIDCLASS","(Standard system devices)","10.0.26100.8875","21-06-2006 05:30:00","Microsoft","True","input.inf"
"HID-compliant vendor-defined device","HIDCLASS","(Standard system devices)","10.0.26100.8875","21-06-2006 05:30:00","Microsoft","True","input.inf"
"I2C HID Device","HIDCLASS","Microsoft","10.0.26100.8521","21-06-2006 05:30:00","Microsoft","True","hidi2c.inf"
"Intel(R) HID Event Filter","HIDCLASS","Intel(R) Corporation","2.2.2.18","19-11-2025 05:30:00","Intel(R) Corporation","True","oem526.inf"
"Intel(R) ISS HID Device","HIDCLASS","Intel","5.8.50.0","25-08-2025 05:30:00","Intel","True","oem87.inf"
"Microsoft Input Configuration Device","HIDCLASS","Microsoft","10.0.26100.1150","21-06-2006 05:30:00","Microsoft","True","mtconfig.inf"
"Portable Device Control device","HIDCLASS","Microsoft","10.0.26100.4484","21-06-2006 05:30:00","Microsoft","True","buttonconverter.inf"
"SoundWire HID","HIDCLASS","Microsoft","10.0.2410.7","17-01-2025 05:30:00","Microsoft","True","oem64.inf"
"USB Input Device","HIDCLASS","(Standard system devices)","10.0.26100.8875","21-06-2006 05:30:00","Microsoft","True","input.inf"
"USB Input Device","HIDCLASS","(Standard system devices)","10.0.26100.8875","21-06-2006 05:30:00","Microsoft","True","input.inf"
"USB Input Device","HIDCLASS","(Standard system devices)","10.0.26100.8875","21-06-2006 05:30:00","Microsoft","True","input.inf"
"USB Input Device","HIDCLASS","(Standard system devices)","10.0.26100.8875","21-06-2006 05:30:00","Microsoft","True","input.inf"
"USB Input Device","HIDCLASS","(Standard system devices)","10.0.26100.8875","21-06-2006 05:30:00","Microsoft","True","input.inf"
"USB Input Device","HIDCLASS","(Standard system devices)","10.0.26100.8875","21-06-2006 05:30:00","Microsoft","True","input.inf"
"Virtual HID Framework (VHF) HID device","HIDCLASS","Microsoft","10.0.26100.8521","21-06-2006 05:30:00","Microsoft","True","hidvhf.inf"
"HID Keyboard Device","KEYBOARD","(Standard keyboards)","10.0.26100.8521","21-06-2006 05:30:00","Microsoft","True","keyboard.inf"
"HID Keyboard Device","KEYBOARD","(Standard keyboards)","10.0.26100.8521","21-06-2006 05:30:00","Microsoft","True","keyboard.inf"
"HID Keyboard Device","KEYBOARD","(Standard keyboards)","10.0.26100.8521","21-06-2006 05:30:00","Microsoft","True","keyboard.inf"
"HID Keyboard Device","KEYBOARD","(Standard keyboards)","10.0.26100.8521","21-06-2006 05:30:00","Microsoft","True","keyboard.inf"
"Standard PS/2 Keyboard","KEYBOARD","(Standard keyboards)","10.0.26100.8521","21-06-2006 05:30:00","Microsoft","True","keyboard.inf"
"HD Audio Driver for Display Audio","MEDIA","Intel Corporation","32.0.101.8724","16-04-2026 05:30:00","Intel Corporation","True","oem346.inf"
"HD Audio Driver for Display Audio","MEDIA","Intel Corporation","32.0.101.8724","16-04-2026 05:30:00","Intel Corporation","True","oem346.inf"
"Intel ACX Streaming for SDW","MEDIA","Intel(R) Corporation","20.40.12690.2","30-03-2026 05:30:00","Intel(R) Corporation","True","oem43.inf"
"Intel® Smart Sound Technology for Bluetooth® Audio","MEDIA","Intel(R) Corporation","20.40.12690.2","30-03-2026 05:30:00","Intel(R) Corporation","True","oem32.inf"
"Intel® Smart Sound Technology for Bluetooth® LE Audio","MEDIA","Intel® Corporation","20.40.12690.2","30-03-2026 05:30:00","Intel(R) Corporation","True","oem51.inf"
"Intel® Smart Sound Technology for USB Audio","MEDIA","Intel(R) Corporation","20.40.12690.2","30-03-2026 05:30:00","Intel(R) Corporation","True","oem15.inf"
"Microsoft Streaming Service Proxy","MEDIA","Microsoft","10.0.26100.1","21-06-2006 05:30:00","Microsoft","True","ksfilter.inf"
"SoundWire ACX Streaming for SDW - Headset Earphone","MEDIA","Intel(R) Corporation","20.40.12690.2","30-03-2026 05:30:00","Intel(R) Corporation","True","oem43.inf"
"SoundWire ACX Streaming for SDW - Headset Microphone","MEDIA","Intel(R) Corporation","20.40.12690.2","30-03-2026 05:30:00","Intel(R) Corporation","True","oem43.inf"
"SoundWire ACX Streaming for SDW - Microphone Array","MEDIA","Intel(R) Corporation","20.40.12690.2","30-03-2026 05:30:00","Intel(R) Corporation","True","oem43.inf"
"SoundWire ACX Streaming for SDW - Speaker","MEDIA","Intel(R) Corporation","20.40.12690.2","30-03-2026 05:30:00","Intel(R) Corporation","True","oem43.inf"
"SoundWire Audio","MEDIA","Microsoft","10.0.2410.7","17-01-2025 05:30:00","Microsoft","True","oem66.inf"
"SoundWire Audio","MEDIA","Microsoft","10.0.2410.7","17-01-2025 05:30:00","Microsoft","True","oem66.inf"
"SoundWire Audio","MEDIA","Microsoft","10.0.2410.7","17-01-2025 05:30:00","Microsoft","True","oem66.inf"
"SoundWire Audio","MEDIA","Microsoft","10.0.2410.7","17-01-2025 05:30:00","Microsoft","True","oem66.inf"
"SoundWire Audio","MEDIA","Microsoft","10.0.2410.7","17-01-2025 05:30:00","Microsoft","True","oem66.inf"
"SoundWire Audio","MEDIA","Microsoft","10.0.2410.7","17-01-2025 05:30:00","Microsoft","True","oem66.inf"
"SoundWire Audio","MEDIA","Microsoft","10.0.2410.7","17-01-2025 05:30:00","Microsoft","True","oem80.inf"
"SoundWire Audio","MEDIA","Microsoft","10.0.2410.7","17-01-2025 05:30:00","Microsoft","True","oem66.inf"
"USB Audio Device","MEDIA","(Generic USB Audio)","10.0.26100.8875","07-10-2026 05:30:00","Microsoft","True","wdma_usb.inf"
"Dell U2422HE(USB Type_C)","MONITOR","Dell Inc.","1.0.0.0","10-02-2020 05:30:00","Dell Inc.","True","oem462.inf"
"Generic PnP Monitor","MONITOR","(Standard monitor types)","10.0.26100.8737","21-06-2006 05:30:00","Microsoft","True","monitor.inf"
"HID-compliant mouse","MOUSE","Microsoft","10.0.26100.1150","21-06-2006 05:30:00","Microsoft","True","msmouse.inf"
"HID-compliant mouse","MOUSE","Microsoft","10.0.26100.1150","21-06-2006 05:30:00","Microsoft","True","msmouse.inf"
"HID-compliant mouse","MOUSE","Microsoft","10.0.26100.1150","21-06-2006 05:30:00","Microsoft","True","msmouse.inf"
"Check Point Virtual Network Adapter For Endpoint VPN Client","NET","Check Point","2.1.3.0","27-07-2022 05:30:00","Check Point","True","oem40.inf"
"Intel(R) Ethernet Connection (24) I219-LM","NET","Intel","20.0.3.28","02-05-2026 05:30:00","Intel","True","oem568.inf"
"Intel(R) Wi-Fi 7 BE201 320MHz","NET","Intel Corporation","24.50.0.4","20-05-2026 05:30:00","Intel","True","oem533.inf"
"Microsoft Kernel Debug Network Adapter","NET","Microsoft","10.0.26100.8521","21-06-2006 05:30:00","Microsoft","True","kdnic.inf"
"Realtek USB GbE Family Controller","NET","Realtek","1156.22.20.113","13-01-2026 05:30:00","Realtek","True","oem518.inf"
"WAN Miniport (IKEv2)","NET","Microsoft","10.0.26100.1","21-06-2006 05:30:00","Microsoft","True","netavpna.inf"
"WAN Miniport (IP)","NET","Microsoft","10.0.26100.1","21-06-2006 05:30:00","Microsoft","True","netrasa.inf"
"WAN Miniport (IPv6)","NET","Microsoft","10.0.26100.1","21-06-2006 05:30:00","Microsoft","True","netrasa.inf"
"WAN Miniport (L2TP)","NET","Microsoft","10.0.26100.1","21-06-2006 05:30:00","Microsoft","True","netrasa.inf"
"WAN Miniport (Network Monitor)","NET","Microsoft","10.0.26100.1","21-06-2006 05:30:00","Microsoft","True","netrasa.inf"
"WAN Miniport (PPPOE)","NET","Microsoft","10.0.26100.1","21-06-2006 05:30:00","Microsoft","True","netrasa.inf"
"WAN Miniport (PPTP)","NET","Microsoft","10.0.26100.1","21-06-2006 05:30:00","Microsoft","True","netrasa.inf"
"WAN Miniport (SSTP)","NET","Microsoft","10.0.26100.1","21-06-2006 05:30:00","Microsoft","True","netsstpa.inf"
"Local Print Queue","PRINTQUEUE","Microsoft","10.0.26100.1","21-06-2006 05:30:00","Microsoft","True","printqueue.inf"
"Local Print Queue","PRINTQUEUE","Microsoft","10.0.26100.1","21-06-2006 05:30:00","Microsoft","True","printqueue.inf"
"Local Print Queue","PRINTQUEUE","Microsoft","10.0.26100.1","21-06-2006 05:30:00","Microsoft","True","printqueue.inf"
"Local Print Queue","PRINTQUEUE","TSC","10.0.26100.1","21-06-2006 05:30:00","Microsoft","True","printqueue.inf"
"Local Print Queue","PRINTQUEUE","Microsoft","10.0.26100.1","21-06-2006 05:30:00","Microsoft","True","printqueue.inf"
"Network Printer Connection","PRINTQUEUE","Xerox","10.0.26100.1","21-06-2006 05:30:00","Microsoft","True","printqueue.inf"
"Network Printer Connection","PRINTQUEUE","Xerox","10.0.26100.1","21-06-2006 05:30:00","Microsoft","True","printqueue.inf"
"Intel Processor","PROCESSOR","Intel","10.0.26100.8737","21-04-2009 05:30:00","Microsoft","True","cpu.inf"
"Intel Processor","PROCESSOR","Intel","10.0.26100.8737","21-04-2009 05:30:00","Microsoft","True","cpu.inf"
"Intel Processor","PROCESSOR","Intel","10.0.26100.8737","21-04-2009 05:30:00","Microsoft","True","cpu.inf"
"Intel Processor","PROCESSOR","Intel","10.0.26100.8737","21-04-2009 05:30:00","Microsoft","True","cpu.inf"
"Intel Processor","PROCESSOR","Intel","10.0.26100.8737","21-04-2009 05:30:00","Microsoft","True","cpu.inf"
"Intel Processor","PROCESSOR","Intel","10.0.26100.8737","21-04-2009 05:30:00","Microsoft","True","cpu.inf"
"Intel Processor","PROCESSOR","Intel","10.0.26100.8737","21-04-2009 05:30:00","Microsoft","True","cpu.inf"
"Intel Processor","PROCESSOR","Intel","10.0.26100.8737","21-04-2009 05:30:00","Microsoft","True","cpu.inf"
"Intel Processor","PROCESSOR","Intel","10.0.26100.8737","21-04-2009 05:30:00","Microsoft","True","cpu.inf"
"Intel Processor","PROCESSOR","Intel","10.0.26100.8737","21-04-2009 05:30:00","Microsoft","True","cpu.inf"
"Intel Processor","PROCESSOR","Intel","10.0.26100.8737","21-04-2009 05:30:00","Microsoft","True","cpu.inf"
"Intel Processor","PROCESSOR","Intel","10.0.26100.8737","21-04-2009 05:30:00","Microsoft","True","cpu.inf"
"Intel Processor","PROCESSOR","Intel","10.0.26100.8737","21-04-2009 05:30:00","Microsoft","True","cpu.inf"
"Intel Processor","PROCESSOR","Intel","10.0.26100.8737","21-04-2009 05:30:00","Microsoft","True","cpu.inf"
"Intel RST VMD Controller 7D0B","SCSIADAPTER","Intel Corporation","20.2.13.1038","04-02-2026 05:30:00","Intel Corporation","True","oem512.inf"
"Intel RST VMD Managed Controller 09AB","SCSIADAPTER","Intel Corporation","20.2.13.1038","04-02-2026 05:30:00","Intel Corporation","True","oem512.inf"
"Microsoft Storage Spaces Controller","SCSIADAPTER","Microsoft","10.0.26100.8875","21-06-2006 05:30:00","Microsoft","True","spaceport.inf"
"Trusted Platform Module 2.0","SECURITYDEVICES","(Standard)","10.0.26100.8521","21-06-2006 05:30:00","Microsoft","True","tpm.inf"
"HID Sensor Collection V2","SENSOR","Microsoft","10.0.26100.8737","21-04-2009 05:30:00","Microsoft","True","sensorshidclassdriver.inf"
"Cirrus Logic Global Mic Mute Service","SOFTWARECOMPONENT","Cirrus Logic, Inc.","1.0.16.51","20-02-2026 05:30:00","Cirrus Logic, Inc.","True","oem166.inf"
"Cirrus Logic Legacy Logging Service","SOFTWARECOMPONENT","Cirrus Logic, Inc.","15.23.33.748","11-01-2025 05:30:00","Cirrus Logic, Inc.","True","oem170.inf"
"CLABP service","SOFTWARECOMPONENT","Cirrus Logic, Inc.","2026.4.0.0","02-11-2026 05:30:00","Cirrus Logic, Inc.","True","oem443.inf"
"CLABP service","SOFTWARECOMPONENT","Cirrus Logic, Inc.","2026.4.0.0","02-11-2026 05:30:00","Cirrus Logic, Inc.","True","oem443.inf"
"Dell Display and Peripheral Manager Software","SOFTWARECOMPONENT","Dell Technologies Inc.","1.0.0.8","03-03-2025 05:30:00","Dell Technologies Inc.","True","oem425.inf"
"Intel(R) Dynamic Tuning Technology","SOFTWARECOMPONENT","Intel","9.1.10010.2297","05-01-2026 05:30:00","Intel","True","oem548.inf"
"Intel(R) Graphics Software","SOFTWARECOMPONENT","Intel Corporation","32.0.101.8724","16-04-2026 05:30:00","Intel Corporation","True","oem500.inf"
"Intel(R) IGCL IPF Providers","SOFTWARECOMPONENT","Intel","16.1.0.257","08-05-2025 05:30:00","Intel","True","oem505.inf"
"Intel(R) Management Engine WMI Provider","SOFTWARECOMPONENT","Intel","2546.9.2.0","13-11-2025 05:30:00","Intel","True","oem567.inf"
"Intel(R) Modern Standby IPF Extension Provider","SOFTWARECOMPONENT","Intel","3.4.1007.0","03-12-2026 05:30:00","Intel","True","oem553.inf"
"Intel(R) Optane(TM) Memory and Storage Management Component","SOFTWARECOMPONENT","Intel Corporation","20.2.13.1038","04-02-2026 05:30:00","Intel Corporation","True","oem514.inf"
"Intel(R) PCD Telemetry IPF Extension Provider","SOFTWARECOMPONENT","Intel","3.4.1007.0","03-12-2026 05:30:00","Intel","True","oem554.inf"
"Intel(R) PerfMon IPF Extension Provider","SOFTWARECOMPONENT","Intel","3.4.1007.0","03-12-2026 05:30:00","Intel","True","oem555.inf"
"Intel(R) PMT IPF Extension Provider","SOFTWARECOMPONENT","Intel","3.4.1007.0","03-12-2026 05:30:00","Intel","True","oem556.inf"
"Intel(R) PPM Provisioning Package","SOFTWARECOMPONENT","Intel","1.0.0.158","15-07-2025 05:30:00","Intel","True","oem390.inf"
"Intel(R) SoC Thermal IPF Extension Provider","SOFTWARECOMPONENT","Intel","3.4.1007.0","03-12-2026 05:30:00","Intel","True","oem557.inf"
"Intel(R) System Config IPF Extension Provider","SOFTWARECOMPONENT","Intel","3.4.1007.0","03-12-2026 05:30:00","Intel","True","oem558.inf"
"Intel(R) Wireless Manageability","SOFTWARECOMPONENT","Intel","267.102.85.0","02-11-2026 05:30:00","Intel","True","oem566.inf"
"intelliGo Audio Service Component","SOFTWARECOMPONENT","intelliGo","100.1.4.2740","04-09-2026 05:30:00","intelliGo","True","oem525.inf"
"intelliGo Audio Service Component","SOFTWARECOMPONENT","intelliGo","100.1.4.2740","04-09-2026 05:30:00","intelliGo","True","oem525.inf"
"Windows Camera Effects","SOFTWARECOMPONENT","Microsoft Corporation","1.0.50.0","22-06-2026 05:30:00","Microsoft Corporation","True","oem544.inf"
"Windows Camera Effects","SOFTWARECOMPONENT","Microsoft Corporation","1.0.50.0","22-06-2026 05:30:00","Microsoft Corporation","True","oem544.inf"
"Windows Studio Effects Driver","SOFTWARECOMPONENT","Microsoft Corporation","1.0.50.0","22-06-2026 05:30:00","Microsoft Corporation","True","oem545.inf"
"Windows Studio Effects Driver","SOFTWARECOMPONENT","Microsoft Corporation","1.0.50.0","22-06-2026 05:30:00","Microsoft Corporation","True","oem545.inf"
"Generic software device","SOFTWAREDEVICE","Microsoft","10.0.26100.1","21-06-2006 05:30:00","Microsoft","True","c_swdevice.inf"
"Generic software device","SOFTWAREDEVICE","Microsoft","10.0.26100.1","21-06-2006 05:30:00","Microsoft","True","c_swdevice.inf"
"Generic software device","SOFTWAREDEVICE","Microsoft","10.0.26100.1","21-06-2006 05:30:00","Microsoft","True","c_swdevice.inf"
"Generic software device","SOFTWAREDEVICE","Microsoft","10.0.26100.1","21-06-2006 05:30:00","Microsoft","True","c_swdevice.inf"
"Generic software device","SOFTWAREDEVICE","Microsoft","10.0.26100.1","21-06-2006 05:30:00","Microsoft","True","c_swdevice.inf"
"Generic software device","SOFTWAREDEVICE","Microsoft","10.0.26100.1","21-06-2006 05:30:00","Microsoft","True","c_swdevice.inf"
"Generic software device","SOFTWAREDEVICE","Microsoft","10.0.26100.1","21-06-2006 05:30:00","Microsoft","True","c_swdevice.inf"
"Generic software device","SOFTWAREDEVICE","Microsoft","10.0.26100.1","21-06-2006 05:30:00","Microsoft","True","c_swdevice.inf"
"Generic software device","SOFTWAREDEVICE","Microsoft","10.0.26100.1","21-06-2006 05:30:00","Microsoft","True","c_swdevice.inf"
"Generic software device","SOFTWAREDEVICE","Microsoft","10.0.26100.1","21-06-2006 05:30:00","Microsoft","True","c_swdevice.inf"
"ACPI Audio Compositor Device","SYSTEM","Microsoft","10.0.2410.7","17-01-2025 05:30:00","Microsoft","True","oem84.inf"
"ACPI Lid","SYSTEM","(Standard system devices)","10.0.26100.1150","21-06-2006 05:30:00","Microsoft","True","machine.inf"
"ACPI Processor Aggregator","SYSTEM","(Standard system devices)","10.0.26100.1150","21-06-2006 05:30:00","Microsoft","True","acpipagr.inf"
"ACPI Sleep Button","SYSTEM","(Standard system devices)","10.0.26100.1150","21-06-2006 05:30:00","Microsoft","True","machine.inf"
"ACPI Wake Alarm","SYSTEM","(Standard system devices)","10.0.26100.1150","21-06-2006 05:30:00","Microsoft","True","acpitime.inf"
"Charge Arbitration Driver","SYSTEM","(Standard system devices)","10.0.26100.8521","21-06-2006 05:30:00","Microsoft","True","ChargeArbitration.inf"
"Cirrus Jack Retasking Audio Module","SYSTEM","Cirrus Logic SDCA XU Audio Device","1.0.435.18044","19-04-2025 05:30:00","Cirrus Logic, Inc.","True","oem147.inf"
"Composite Bus Enumerator","SYSTEM","Microsoft","10.0.26100.1150","21-06-2006 05:30:00","Microsoft","True","compositebus.inf"
"Dell Peripheral Manager","SYSTEM","Dell Inc.","1.2.0.31","21-02-2024 05:30:00","Dell Inc.","True","oem199.inf"
"Docking Station","SYSTEM","(Standard system devices)","10.0.26100.1150","21-06-2006 05:30:00","Microsoft","True","machine.inf"
"Generic Bus","SYSTEM","(Standard system devices)","10.0.26100.1150","21-06-2006 05:30:00","Microsoft","True","machine.inf"
"High precision event timer","SYSTEM","(Standard system devices)","10.0.26100.1150","21-06-2006 05:30:00","Microsoft","True","machine.inf"
"Intel (R) LPC Controller/eSPI Controller - 7703","SYSTEM","INTEL","10.1.57.6","18-07-1968 05:30:00","INTEL","True","oem188.inf"
"Intel (R) SMBus - 7722","SYSTEM","INTEL","10.1.57.6","18-07-1968 05:30:00","INTEL","True","oem188.inf"
"Intel (R) SPI (flash) controller - 7723","SYSTEM","INTEL","10.1.57.6","18-07-1968 05:30:00","INTEL","True","oem188.inf"
"Intel(R) GNA Scoring Accelerator module","SYSTEM","Intel Corporation","3.5.0.1578","14-11-2023 05:30:00","Intel Corporation","True","oem54.inf"
"Intel(R) HECI Protocol Device","SYSTEM","Intel","5.8.55.0","23-09-2025 05:30:00","Intel","True","oem247.inf"
"Intel(R) Innovation Platform Framework Extensible Framework","SYSTEM","Intel","2.3.20304.7","05-01-2026 05:30:00","Intel","True","oem550.inf"
"Intel(R) Innovation Platform Framework Generic Participant","SYSTEM","Intel","2.3.20304.7","05-01-2026 05:30:00","Intel","True","oem549.inf"
"Intel(R) Innovation Platform Framework Generic Participant","SYSTEM","Intel","2.3.20304.7","05-01-2026 05:30:00","Intel","True","oem549.inf"
"Intel(R) Innovation Platform Framework Generic Participant","SYSTEM","Intel","2.3.20304.7","05-01-2026 05:30:00","Intel","True","oem549.inf"
"Intel(R) Innovation Platform Framework Generic Participant","SYSTEM","Intel","2.3.20304.7","05-01-2026 05:30:00","Intel","True","oem549.inf"
"Intel(R) Innovation Platform Framework Generic Participant","SYSTEM","Intel","2.3.20304.7","05-01-2026 05:30:00","Intel","True","oem549.inf"
"Intel(R) Innovation Platform Framework Generic Participant","SYSTEM","Intel","2.3.20304.7","05-01-2026 05:30:00","Intel","True","oem549.inf"
"Intel(R) Innovation Platform Framework Manager","SYSTEM","Intel","2.3.20304.7","05-01-2026 05:30:00","Intel","True","oem549.inf"
"Intel(R) Innovation Platform Framework PCH ACPI Participant","SYSTEM","Intel","2.3.20304.7","05-01-2026 05:30:00","Intel","True","oem549.inf"
"Intel(R) Innovation Platform Framework Processor Participant","SYSTEM","Intel","2.3.20304.7","05-01-2026 05:30:00","Intel","True","oem550.inf"
"Intel(R) Integrated Sensor Solution","SYSTEM","Intel","5.8.52.0","09-02-2025 05:30:00","Intel","True","oem210.inf"
"Intel(R) ISS HID Bus","SYSTEM","(Standard system devices)","5.8.52.0","09-02-2025 05:30:00","Intel","True","oem161.inf"
"Intel(R) Management Engine Interface #1","SYSTEM","Intel","2603.9.4.0","13-01-2026 05:30:00","Intel","True","oem561.inf"
"Intel(R) Platform Monitoring Technology (PMT) Driver","SYSTEM","Intel(R) Platform Monitoring Technology (PMT) Device","3.2.0.22","16-02-2026 05:30:00","Intel(R) Platform Monitoring Technology (PMT) Device","True","oem559.inf"
"Intel(R) Power Engine Plug-in","SYSTEM","Intel Corporation","10.0.26100.8737","21-06-2006 05:30:00","Microsoft","True","intelpep.inf"
"Intel(R) Serial IO GPIO Host Controller - INTC105E","SYSTEM","Intel Corporation","30.100.2527.40","07-03-2025 05:30:00","Intel Corporation","True","oem391.inf"
"Intel(R) Serial IO I2C Host Controller - 7778","SYSTEM","Intel Corporation","30.100.2527.40","07-03-2025 05:30:00","Intel Corporation","True","oem20.inf"
"Intel(R) Serial IO I2C Host Controller - 777B","SYSTEM","Intel Corporation","30.100.2527.40","07-03-2025 05:30:00","Intel Corporation","True","oem20.inf"
"Intel(R) Serial IO UART Host Controller - 7725","SYSTEM","Intel Corporation","30.100.2527.40","07-03-2025 05:30:00","Intel Corporation","True","oem72.inf"
"Intel® Smart Sound Technology BUS","SYSTEM","Intel(R) Corporation","20.40.12690.2","30-03-2026 05:30:00","Intel(R) Corporation","True","oem2.inf"
"Intel® Smart Sound Technology Detection Verification","SYSTEM","Intel(R) Corporation","1.0.4138.0","02-02-2026 05:30:00","Intel(R) Corporation","True","oem37.inf"
"Intel® Smart Sound Technology MIPI SoundWire® Controller","SYSTEM","Intel(R) Corporation","20.40.12690.2","30-03-2026 05:30:00","Intel(R) Corporation","True","oem41.inf"
"Intel® Smart Sound Technology OED","SYSTEM","Intel(R) Corporation","20.40.12690.2","30-03-2026 05:30:00","Intel(R) Corporation","True","oem10.inf"
"Microsoft ACPI-Compliant Embedded Controller","SYSTEM","(Standard system devices)","10.0.26100.1150","21-06-2006 05:30:00","Microsoft","True","machine.inf"
"Microsoft ACPI-Compliant System","SYSTEM","Microsoft","10.0.26100.8521","21-06-2006 05:30:00","Microsoft","True","acpi.inf"
"Microsoft Basic Display Driver","SYSTEM","(Standard display types)","10.0.26100.8521","21-06-2006 05:30:00","Microsoft","True","basicdisplay.inf"
"Microsoft Basic Render Driver","SYSTEM","Microsoft","10.0.26100.8521","21-06-2006 05:30:00","Microsoft","True","basicrender.inf"
"Microsoft Hyper-V Virtualization Infrastructure Driver","SYSTEM","Microsoft","10.0.26100.8521","21-06-2006 05:30:00","Microsoft","True","wvid.inf"
"Microsoft Hypervisor Service","SYSTEM","Microsoft","10.0.26100.8737","21-06-2006 05:30:00","Microsoft","True","hvservice.inf"
"Microsoft System Management BIOS Driver","SYSTEM","(Standard system devices)","10.0.26100.1","21-06-2006 05:30:00","Microsoft","True","mssmbios.inf"
"Microsoft UEFI-Compliant System","SYSTEM","Microsoft","10.0.26100.8737","21-06-2006 05:30:00","Microsoft","True","uefi.inf"
"Microsoft Virtual Drive Enumerator","SYSTEM","Microsoft","10.0.26100.1591","21-06-2006 05:30:00","Microsoft","True","vdrvroot.inf"
"Microsoft Windows Management Interface for ACPI","SYSTEM","Microsoft","10.0.26100.1150","21-06-2006 05:30:00","Microsoft","True","wmiacpi.inf"
"Microsoft Windows Management Interface for ACPI","SYSTEM","Microsoft","10.0.26100.1150","21-06-2006 05:30:00","Microsoft","True","wmiacpi.inf"
"Microsoft Windows Management Interface for ACPI","SYSTEM","Microsoft","10.0.26100.1150","21-06-2006 05:30:00","Microsoft","True","wmiacpi.inf"
"Microsoft Windows Management Interface for ACPI","SYSTEM","Microsoft","10.0.26100.1150","21-06-2006 05:30:00","Microsoft","True","wmiacpi.inf"
"Microsoft Windows Management Interface for ACPI","SYSTEM","Microsoft","10.0.26100.1150","21-06-2006 05:30:00","Microsoft","True","wmiacpi.inf"
"Microsoft Windows Management Interface for ACPI","SYSTEM","Microsoft","10.0.26100.1150","21-06-2006 05:30:00","Microsoft","True","wmiacpi.inf"
"Microsoft Windows Management Interface for ACPI","SYSTEM","Microsoft","10.0.26100.1150","21-06-2006 05:30:00","Microsoft","True","wmiacpi.inf"
"Microsoft Windows Management Interface for ACPI","SYSTEM","Microsoft","10.0.26100.1150","21-06-2006 05:30:00","Microsoft","True","wmiacpi.inf"
"Microsoft Windows Management Interface for ACPI","SYSTEM","Microsoft","10.0.26100.1150","21-06-2006 05:30:00","Microsoft","True","wmiacpi.inf"
"Motherboard resources","SYSTEM","(Standard system devices)","10.0.26100.1150","21-06-2006 05:30:00","Microsoft","True","machine.inf"
"Motherboard resources","SYSTEM","(Standard system devices)","10.0.26100.1150","21-06-2006 05:30:00","Microsoft","True","machine.inf"
"Motherboard resources","SYSTEM","(Standard system devices)","10.0.26100.1150","21-06-2006 05:30:00","Microsoft","True","machine.inf"
"Motherboard resources","SYSTEM","(Standard system devices)","10.0.26100.1150","21-06-2006 05:30:00","Microsoft","True","machine.inf"
"Motherboard resources","SYSTEM","(Standard system devices)","10.0.26100.1150","21-06-2006 05:30:00","Microsoft","True","machine.inf"
"Motherboard resources","SYSTEM","(Standard system devices)","10.0.26100.1150","21-06-2006 05:30:00","Microsoft","True","machine.inf"
"Motherboard resources","SYSTEM","(Standard system devices)","10.0.26100.1150","21-06-2006 05:30:00","Microsoft","True","machine.inf"
"Motherboard resources","SYSTEM","(Standard system devices)","10.0.26100.1150","21-06-2006 05:30:00","Microsoft","True","machine.inf"
"NDIS Virtual Network Adapter Enumerator","SYSTEM","Microsoft","10.0.26100.1","21-06-2006 05:30:00","Microsoft","True","ndisvirtualbus.inf"
"PCI Express Root Complex","SYSTEM","(Standard system devices)","10.0.26100.8737","21-06-2006 05:30:00","Microsoft","True","pci.inf"
"PCI Express Root Port","SYSTEM","(Standard system devices)","10.0.26100.8737","21-06-2006 05:30:00","Microsoft","True","pci.inf"
"PCI Express Root Port","SYSTEM","(Standard system devices)","10.0.26100.8737","21-06-2006 05:30:00","Microsoft","True","pci.inf"
"PCI standard host CPU bridge","SYSTEM","(Standard system devices)","10.0.26100.1150","21-06-2006 05:30:00","Microsoft","True","machine.inf"
"PCI standard RAM Controller","SYSTEM","(Standard system devices)","10.0.26100.1150","21-06-2006 05:30:00","Microsoft","True","machine.inf"
"Plug and Play Software Device Enumerator","SYSTEM","(Standard system devices)","10.0.26100.4202","23-05-2025 05:30:00","Microsoft","True","swenum.inf"
"Programmable interrupt controller","SYSTEM","(Standard system devices)","10.0.26100.1150","21-06-2006 05:30:00","Microsoft","True","machine.inf"
"Remote Desktop Device Redirector Bus","SYSTEM","Microsoft","10.0.26100.8737","21-06-2006 05:30:00","Microsoft","True","rdpbus.inf"
"Remote Desktop USB Hub","SYSTEM","(Standard system devices)","10.0.26100.1150","21-06-2006 05:30:00","Microsoft","True","tsusbhub.inf"
"SoundWire Audio Multifunction Device","SYSTEM","SoundWire Audio Multifunction Device","10.0.2410.7","17-01-2025 05:30:00","Microsoft","True","oem58.inf"
"System CMOS/real time clock","SYSTEM","(Standard system devices)","10.0.26100.1150","21-06-2006 05:30:00","Microsoft","True","machine.inf"
"System timer","SYSTEM","(Standard system devices)","10.0.26100.1150","21-06-2006 05:30:00","Microsoft","True","machine.inf"
"UMBus Enumerator","SYSTEM","Microsoft","10.0.26100.1150","21-06-2006 05:30:00","Microsoft","True","umbus.inf"
"UMBus Enumerator","SYSTEM","Microsoft","10.0.26100.1150","21-06-2006 05:30:00","Microsoft","True","umbus.inf"
"UMBus Enumerator","SYSTEM","Microsoft","10.0.26100.1150","21-06-2006 05:30:00","Microsoft","True","umbus.inf"
"UMBus Enumerator","SYSTEM","Microsoft","10.0.26100.1150","21-06-2006 05:30:00","Microsoft","True","umbus.inf"
"UMBus Root Bus Enumerator","SYSTEM","Microsoft","10.0.26100.1150","21-06-2006 05:30:00","Microsoft","True","umbus.inf"
"Volume Manager","SYSTEM","Microsoft","10.0.26100.8521","21-06-2006 05:30:00","Microsoft","True","volmgr.inf"
"XuCsMe Microphone(Ext)","SYSTEM","Cirrus Logic SDCA XU Audio Device","1.0.435.18044","19-04-2025 05:30:00","Cirrus Logic, Inc.","True","oem147.inf"
"XuCsMe Microphone(Ext)","SYSTEM","Cirrus Logic SDCA XU Audio Device","1.0.435.18044","19-04-2025 05:30:00","Cirrus Logic, Inc.","True","oem147.inf"
"XuCsMe Speaker(Ext)","SYSTEM","Cirrus Logic SDCA XU Audio Device","1.0.435.18044","19-04-2025 05:30:00","Cirrus Logic, Inc.","True","oem147.inf"
"XuCsMe Speaker(Ext)","SYSTEM","Cirrus Logic SDCA XU Audio Device","1.0.435.18044","19-04-2025 05:30:00","Cirrus Logic, Inc.","True","oem147.inf"
"UCM-UCSI ACPI Device","UCM","Microsoft","10.0.26100.8521","21-06-2006 05:30:00","Microsoft","True","ucmucsiacpiclient.inf"
"Generic SuperSpeed USB Hub","USB","(Standard USB HUBs)","10.0.26100.8737","18-06-2026 05:30:00","Microsoft","True","usbhub3.inf"
"Generic SuperSpeed USB Hub","USB","(Standard USB HUBs)","10.0.26100.8737","18-06-2026 05:30:00","Microsoft","True","usbhub3.inf"
"Generic USB Hub","USB","(Standard USB HUBs)","10.0.26100.8737","18-06-2026 05:30:00","Microsoft","True","usbhub3.inf"
"Generic USB Hub","USB","(Standard USB HUBs)","10.0.26100.8737","18-06-2026 05:30:00","Microsoft","True","usbhub3.inf"
"USB Composite Device","USB","(Standard USB Host Controller)","10.0.26100.8737","21-06-2006 05:30:00","Microsoft","True","usb.inf"
"USB Composite Device","USB","(Standard USB Host Controller)","10.0.26100.8737","21-06-2006 05:30:00","Microsoft","True","usb.inf"
"USB Composite Device","USB","(Standard USB Host Controller)","10.0.26100.8737","21-06-2006 05:30:00","Microsoft","True","usb.inf"
"USB Composite Device","USB","(Standard USB Host Controller)","10.0.26100.8737","21-06-2006 05:30:00","Microsoft","True","usb.inf"
"USB Composite Device","USB","(Standard USB Host Controller)","10.0.26100.8737","21-06-2006 05:30:00","Microsoft","True","usb.inf"
"USB Root Hub (USB 3.0)","USB","(Standard USB HUBs)","10.0.26100.8737","18-06-2026 05:30:00","Microsoft","True","usbhub3.inf"
"USB Root Hub (USB 3.0)","USB","(Standard USB HUBs)","10.0.26100.8737","18-06-2026 05:30:00","Microsoft","True","usbhub3.inf"
"USB xHCI Compliant Host Controller","USB","Generic USB xHCI Host Controller","10.0.26100.8875","07-10-2026 05:30:00","Microsoft","True","usbxhci.inf"
"USB xHCI Compliant Host Controller","USB","Generic USB xHCI Host Controller","10.0.26100.8875","07-10-2026 05:30:00","Microsoft","True","usbxhci.inf"
"USB4 Root Router","USB","Generic USB4 Device Router","10.0.26100.8737","18-06-2026 05:30:00","Microsoft","True","usb4devicerouter.inf"
"USB4(TM) Host Router (Microsoft)","USB","Generic USB4 Host Router","10.0.26100.8737","18-06-2026 05:30:00","Microsoft","True","usb4hostrouter.inf"
"WinUsb Device","USBDEVICE","WinUsb Device","10.0.26100.8875","21-06-2006 05:30:00","Microsoft","True","winusb.inf"
"WinUsb Device","USBDEVICE","WinUsb Device","10.0.26100.8875","21-06-2006 05:30:00","Microsoft","True","winusb.inf"
"WinUsb Device","USBDEVICE","WinUsb Device","10.0.26100.8875","21-06-2006 05:30:00","Microsoft","True","winusb.inf"
"Volume","VOLUME","Microsoft","10.0.26100.5074","21-06-2006 05:30:00","Microsoft","True","volume.inf"
"Volume","VOLUME","Microsoft","10.0.26100.5074","21-06-2006 05:30:00","Microsoft","True","volume.inf"
"Volume","VOLUME","Microsoft","10.0.26100.5074","21-06-2006 05:30:00","Microsoft","True","volume.inf"
"Volume","VOLUME","Microsoft","10.0.26100.5074","21-06-2006 05:30:00","Microsoft","True","volume.inf"
