"ReportFolder","SourcePath","LastWriteTime"
"AppCrash_AppUp.IntelArcSo_5578991cc88601deb9e332ea2279940303a1b20_255084ff_4817230e-0b91-47f4-a20b-3a2c17dea4fd","C:\ProgramData\Microsoft\Windows\WER\ReportArchive","07-08-2026 18:22:07"
"AppCrash_BtSystem.Service_e8ce7895d96591d3751ad683f6657a1c733c4_c58e504a_86a9b53a-b168-426c-a531-96c2e9d611d6","C:\ProgramData\Microsoft\Windows\WER\ReportArchive","07-08-2026 18:23:04"
"AppCrash_dwm.exe_735913c445d6bf8fe766d675e2caf191b68f152_71216147_2a33efd4-aa7b-4e2a-a406-3f9be4a0356b","C:\ProgramData\Microsoft\Windows\WER\ReportArchive","10-08-2026 09:36:17"
"AppCrash_Explorer.EXE_5a8c56e768c352a8f067aa73d839953135d7896_718e5b5e_491ea887-338a-4673-a2c6-0f8815841059","C:\ProgramData\Microsoft\Windows\WER\ReportArchive","20-07-2026 14:48:49"
"AppCrash_Licensing.Servic_ab88b91df597f22e39e23ea3ec438d0ddecbed_e473e0f6_8e9523c7-2b13-4125-b13f-32fac972b909","C:\ProgramData\Microsoft\Windows\WER\ReportArchive","07-08-2026 18:24:08"
"AppCrash_Microsoft.Paint__da08a1cb67f12d2f887ae5f7438af078a8bb8f_77faf607_48f6ffef-2753-41d5-825e-8968a4c8897e","C:\ProgramData\Microsoft\Windows\WER\ReportArchive","07-08-2026 18:22:58"
"AppCrash_MicrosoftWindows_219fdcad849ed7e8e1f6315f4d9bea236732b59_587148ad_348ef0de-f8bf-405f-a2b9-e8193636c87b","C:\ProgramData\Microsoft\Windows\WER\ReportArchive","03-08-2026 09:27:10"
"AppCrash_mmc.exe_6c393659333bf5d974ff6fe506bdb5ab1cf25a9_7afc7eab_a21a48c9-acd0-4ea0-a75d-20f9394a689d","C:\ProgramData\Microsoft\Windows\WER\ReportArchive","14-08-2026 14:17:17"
"AppCrash_mmc.exe_cbfc77bdff47d2a7cc1ccfb0e4261b7d155d79_2039546f_f2b42396-892b-4631-b492-7a886e74c7c5","C:\ProgramData\Microsoft\Windows\WER\ReportArchive","26-05-2026 14:48:40"
"AppCrash_MsMpEng.exe_2b8b27ad72a997d91cc6b1e118d5898f6e3ee48_316246f6_4cb6cdf7-34cc-48c4-a6d4-2aa3afe20753","C:\ProgramData\Microsoft\Windows\WER\ReportArchive","18-08-2026 14:12:03"
"AppCrash_MsMpEng.exe_2b8b27ad72a997d91cc6b1e118d5898f6e3ee48_316246f6_80c391b7-bb80-4f51-a85b-375970f375c1","C:\ProgramData\Microsoft\Windows\WER\ReportArchive","18-08-2026 15:05:43"
"AppCrash_OneDrive.exe_da3d290fd31435be241ae2bd2d54d73874af9a_cabdaaee_6b3fe0d1-6e35-45d5-b3c0-9791030c7895","C:\ProgramData\Microsoft\Windows\WER\ReportArchive","08-06-2026 17:01:31"
"AppCrash_POWERPNT.EXE_637be2c3183a482dc1638a157c28bf9198b78e_04b80488_32b34fca-a0d2-4135-8a3f-90909675795c","C:\ProgramData\Microsoft\Windows\WER\ReportArchive","10-07-2026 10:37:57"
"AppCrash_POWERPNT.EXE_effcbc8dd0a95a91216029a05a56ad938286863e_cb73e664_6a0a1f02-9706-4d6b-aa6d-6b79cf602449","C:\ProgramData\Microsoft\Windows\WER\ReportArchive","29-07-2026 13:47:39"
"AppCrash_POWERPNT.EXE_effcbc8dd0a95a91216029a05a56ad938286863e_cb73e664_f436631d-905f-4c3e-abea-a4bf9a74b9c0","C:\ProgramData\Microsoft\Windows\WER\ReportArchive","29-07-2026 16:45:51"
"AppCrash_SenseTracer.exe_1450452ee138d54ec6501a613514973891522d6f_92cf324e_49d5eaad-3153-4ed4-8348-ab15a3c8d8ba","C:\ProgramData\Microsoft\Windows\WER\ReportArchive","07-08-2026 18:22:28"
"AppCrash_spksvc.exe_b837b3314c0287b6d749dc82407c8e8d866a1_80b4c5d0_6f8ccc6a-0e5e-4bfd-91a4-c44b0e595591","C:\ProgramData\Microsoft\Windows\WER\ReportArchive","07-08-2026 18:22:04"
"AppCrash_TrGUI.exe_c3af41af808166ca86335fc97d6abf55e6a3d01d_ef2e3d1b_c6a972cf-cb0b-4584-b941-617af72b8613","C:\ProgramData\Microsoft\Windows\WER\ReportArchive","27-07-2026 09:34:48"
"AppHang_Microsoft.Compan_895ba88efd5e767bfef76224fe68d31d821ead5_5bc099b3_7fe2b581-0cc9-412a-9101-5ccbbc669194","C:\ProgramData\Microsoft\Windows\WER\ReportArchive","01-06-2026 09:18:02"
"AppHang_Microsoft.Micros_aca184312d2b4b1c4d4575dfd81ecfc5465949_7dec0f64_55f5ebe1-d2f5-4f24-926d-fa87b029e9ed","C:\ProgramData\Microsoft\Windows\WER\ReportArchive","22-06-2026 12:31:08"
"AppHang_Microsoft.OneDri_91e5fbb3591bb41d3b7ea61c37394d5be84d70e0_1650c490_b5ca31f3-a51d-4861-86a0-1d7aab09d009","C:\ProgramData\Microsoft\Windows\WER\ReportArchive","29-07-2026 15:45:09"
"AppHang_Microsoft.OneDri_a0f2fcd5a03faa17fe43aacdea7566a71986b_aecf14be_4dd06013-c9d7-4559-8275-73d8777ec518","C:\ProgramData\Microsoft\Windows\WER\ReportArchive","05-08-2026 11:57:36"
"AppHang_Microsoft.OneDri_ba69f3b7c5d44f49d9ac6a113fdb504737d37df7_8a7f879d_49bf139d-f941-4732-9d05-9ba1d9fffd9d","C:\ProgramData\Microsoft\Windows\WER\ReportArchive","06-08-2026 15:42:34"
"AppHang_Microsoft.OneDri_d0d6b316683f6b74795f37c4772ef3bd7078b95c_6dcac615_7153e56b-46ac-4c15-a148-125da3220309","C:\ProgramData\Microsoft\Windows\WER\ReportArchive","26-05-2026 09:48:07"
"AppHang_Microsoft.Window_2c58d0bef8fed95f37175a2754eeb9f63a432e25_e7ece8d2_a8207a7b-33f5-48ff-a4a8-c4bdd114efdf","C:\ProgramData\Microsoft\Windows\WER\ReportArchive","12-07-2026 18:22:11"
"AppHang_Microsoft.Window_95f1abdb46bd1af53a66648962b3703e1a7fb5ce_cd21617d_41c060e6-6aa1-4b75-bf08-30fa289d8a48","C:\ProgramData\Microsoft\Windows\WER\ReportArchive","13-07-2026 09:39:25"
"AppHang_Microsoft.Window_a69f31b2ab85e1d3c8d8a04a35b7e0d6d39a8f_e7ece8d2_87c0e45e-99ac-441f-80f0-5d619711126b","C:\ProgramData\Microsoft\Windows\WER\ReportArchive","23-06-2026 09:01:40"
"AppHang_windows.immersiv_951fe91f24d546da7da2cb98ca1e572dc4e42f9_fcc02445_a4213f7a-3ffe-45d5-adb6-0dc053293192","C:\ProgramData\Microsoft\Windows\WER\ReportArchive","27-05-2026 20:12:39"
"Critical_10.0.26100.8456__2479cefda39dba992993f710a21efaf9cf994f7f_00000000_3c0c78e8-2f10-4232-9cde-3a620aa03357","C:\ProgramData\Microsoft\Windows\WER\ReportArchive","17-06-2026 10:24:17"
"Critical_10.0.26100.8456__588a4e24cb24a86c1946ed4b5d39432ee7803dfd_00000000_b355c8c5-fb99-4267-85d0-8de36eb66cc6","C:\ProgramData\Microsoft\Windows\WER\ReportArchive","01-06-2026 09:43:27"
"Critical_10.0.26100.8648__415119cf26572507dc7aa6e671d2d2a2062761a_00000000_77b95948-4a16-4830-af4d-dc61810ca0b2","C:\ProgramData\Microsoft\Windows\WER\ReportArchive","22-07-2026 11:14:54"
"Critical_10.0.26100.8648__66edba74fb1f933843261d2048297de2e05b2ff5_00000000_006feff9-0c91-4c8a-9736-d844fdedf88d","C:\ProgramData\Microsoft\Windows\WER\ReportArchive","17-06-2026 10:28:31"
"Critical_10.0.26100.8872__5e4f1f4198e0dbf048cd9771249c2c2d1ab2140_00000000_20943b74-e664-410e-b5fb-bf6cd8ce0375","C:\ProgramData\Microsoft\Windows\WER\ReportArchive","22-07-2026 11:19:53"
"Critical_10.0.26100.8872__70328484e0a3ecf4fba74ac06237575bbf6bbbe_00000000_b3ea23c0-2582-4cba-9ce5-19bef7e03930","C:\ProgramData\Microsoft\Windows\WER\ReportArchive","03-08-2026 09:48:53"
"Critical_powershell.exe_4125646f1f4581f45cbd61da7f43f4e3d2ff87a_ad68a21d_79999d19-2672-471d-82bf-f3808ba28ffa","C:\ProgramData\Microsoft\Windows\WER\ReportArchive","18-08-2026 19:05:07"
"Critical_sqlservr.exe_fac1c51a5b374d18dd0e796998ab78c4dc789_00000000_84df139e-fbb4-4ee2-875f-5569fda23a97","C:\ProgramData\Microsoft\Windows\WER\ReportArchive","01-06-2026 09:16:57"
"NonCritical_1_bb9bd78ecee15d13b2ae2f107cab752ae65b3c1a_00000000_f7a3cf67-f12a-4ae2-8d7f-784cc5105fb9","C:\ProgramData\Microsoft\Windows\WER\ReportArchive","23-05-2026 11:08:25"
"NonCritical_80004004_21541d2d846c31f3e5ec8d84eff13b6cfa38e41_00000000_debaa202-466a-4d64-b29f-e1d0309432f2","C:\ProgramData\Microsoft\Windows\WER\ReportArchive","16-06-2026 09:59:36"
"NonCritical_Acquisition;setu_4972e2268f80799a15252ef141b6c767d43e_00000000_ee1fa985-81e6-447f-84a7-c815fd34600c","C:\ProgramData\Microsoft\Windows\WER\ReportArchive","15-06-2026 09:30:51"
"NonCritical_MicrosoftEdgeUpd_3b121fd67d0f458fd7ad8815bda99dd3464cc7e_00000000_f8da1dd8-33a1-46e5-9277-14a186f5f966","C:\ProgramData\Microsoft\Windows\WER\ReportArchive","18-06-2026 09:07:19"
"NonCritical_MicrosoftEdgeUpd_9cb67dfeb44b24228bec343a15d6464a9159819a_00000000_edab135c-7bb3-43bb-841a-2e11bd068f33","C:\ProgramData\Microsoft\Windows\WER\ReportArchive","23-07-2026 09:53:46"
"NonCritical_MicrosoftEdgeUpd_a304280afcc988b4d922ffdc982a88e0d7a0a1_00000000_d8b5d93a-83e4-4f0a-956c-8a8a7e18fc3a","C:\ProgramData\Microsoft\Windows\WER\ReportArchive","26-06-2026 17:40:49"
"NonCritical_MicrosoftEdgeUpd_c1c2599cb6661f57348b87347574aaf9e7f33bb_00000000_3b3dcb04-80ec-4553-9505-ef763be1dcf2","C:\ProgramData\Microsoft\Windows\WER\ReportArchive","23-05-2026 12:04:47"
"NonCritical_MicrosoftEdgeUpd_dd7963165a43aeeaf67254dd3a7f12c23d24c5_00000000_99889279-f435-48f9-b3e6-45f31aa225ba","C:\ProgramData\Microsoft\Windows\WER\ReportArchive","31-05-2026 11:21:13"
"NonCritical_MicrosoftEdgeUpd_e68875379e5cf75edf07391e9bbb980cb1f96f_00000000_7b7d1370-be30-4a62-bfde-bdd38bb2fa0a","C:\ProgramData\Microsoft\Windows\WER\ReportArchive","31-07-2026 09:45:33"
"NonCritical_MicrosoftEdgeUpd_e68875379e5cf75edf07391e9bbb980cb1f96f_00000000_a7e10be5-4e57-41e5-b259-cd267658b678","C:\ProgramData\Microsoft\Windows\WER\ReportArchive","27-07-2026 09:44:49"
"NonCritical_setup.exe_c6bbf4a81db21fb7fe1da8996e0aa158d17df_00000000_87e2b996-24de-491d-beb8-fecbf00f07b5","C:\ProgramData\Microsoft\Windows\WER\ReportArchive","31-05-2026 11:21:06"
"NonCritical_Update;MoUpdateO_5d7c869516dbd13328973e66168f312dbdab99_00000000_07f381ea-1bc0-4677-a9ad-4fa3e7d443b1","C:\ProgramData\Microsoft\Windows\WER\ReportArchive","11-06-2026 08:55:38"
"NonCritical_Update;MoUpdateO_5d7c869516dbd13328973e66168f312dbdab99_00000000_4ce8a205-681f-4655-bd32-8751f6712708","C:\ProgramData\Microsoft\Windows\WER\ReportArchive","16-06-2026 09:46:28"
"NonCritical_Update;MoUpdateO_5d7c869516dbd13328973e66168f312dbdab99_00000000_5d8051a5-4090-451a-a90a-14bf1351881c","C:\ProgramData\Microsoft\Windows\WER\ReportArchive","15-06-2026 09:12:59"
"NonCritical_Update;MoUpdateO_5d7c869516dbd13328973e66168f312dbdab99_00000000_b25e8658-b930-4830-a56c-6dac5b6f5ca0","C:\ProgramData\Microsoft\Windows\WER\ReportArchive","23-05-2026 14:06:15"
"NonCritical_Update;MoUpdateO_681da768684512b6bfa83b73efb847bbd5f8e87_00000000_f46d707b-703c-442d-8ae8-149d46380ff9","C:\ProgramData\Microsoft\Windows\WER\ReportArchive","23-05-2026 14:04:58"
"NonCritical_Update;MoUpdateO_688348f1a0205223c21479bb681f4a1ce1b0b1_00000000_59d8e5f5-01cd-480c-93da-b6b9fdbf18f4","C:\ProgramData\Microsoft\Windows\WER\ReportArchive","23-05-2026 14:05:25"
"NonCritical_Update;MoUpdateO_6ccfacbe8779c3a73df3b02f76dd6e77a9422f4b_00000000_2b32dda8-1bb4-482b-b470-621e92c29ac9","C:\ProgramData\Microsoft\Windows\WER\ReportArchive","30-07-2026 11:47:57"
"NonCritical_Update;MoUpdateO_6ccfacbe8779c3a73df3b02f76dd6e77a9422f4b_00000000_6736b05d-fff2-4589-bee0-4f0441d32f21","C:\ProgramData\Microsoft\Windows\WER\ReportArchive","13-08-2026 12:03:37"
"NonCritical_Update;MoUpdateO_6ccfacbe8779c3a73df3b02f76dd6e77a9422f4b_00000000_6cdf9385-8513-4aec-ad9c-72add104dd21","C:\ProgramData\Microsoft\Windows\WER\ReportArchive","29-07-2026 11:25:16"
"NonCritical_Update;MoUpdateO_6ccfacbe8779c3a73df3b02f76dd6e77a9422f4b_00000000_942bb0a3-980d-429b-ab6c-20700dc99786","C:\ProgramData\Microsoft\Windows\WER\ReportArchive","31-07-2026 11:54:45"
"NonCritical_Update;MoUpdateO_6ccfacbe8779c3a73df3b02f76dd6e77a9422f4b_00000000_e8a88f8d-124f-4803-997c-71ff1e2ed9ca","C:\ProgramData\Microsoft\Windows\WER\ReportArchive","07-08-2026 10:27:54"
"NonCritical_Update;MoUpdateO_6e3d8fbc684d7dabda59fc97914aabacd54c9c_00000000_9400ae95-72ff-4719-b427-795d4555e923","C:\ProgramData\Microsoft\Windows\WER\ReportArchive","23-05-2026 14:06:07"
"NonCritical_Update;MoUpdateO_6e3d8fbc684d7dabda59fc97914aabacd54c9c_00000000_985aead5-96ea-4e87-824c-ec1a584d56a0","C:\ProgramData\Microsoft\Windows\WER\ReportArchive","17-06-2026 10:15:11"
"NonCritical_Update;MoUpdateO_83b38854815511f1c52b3b964d86cf188f957754_00000000_b48328dd-67ef-4e31-87e8-6f4f00650b93","C:\ProgramData\Microsoft\Windows\WER\ReportArchive","04-08-2026 10:14:36"
"NonCritical_Update;MoUpdateO_8e56c0837a575094e8531a7e7e7e497d440ba_00000000_214fbdf4-adf9-4aa2-9bfa-a559e498c9c9","C:\ProgramData\Microsoft\Windows\WER\ReportArchive","25-06-2026 12:52:36"
"NonCritical_Update;MoUpdateO_8e56c0837a575094e8531a7e7e7e497d440ba_00000000_5296d543-81c8-4364-a24a-4afa71755d29","C:\ProgramData\Microsoft\Windows\WER\ReportArchive","08-07-2026 10:36:41"
"NonCritical_Update;MoUpdateO_8e56c0837a575094e8531a7e7e7e497d440ba_00000000_bb10c7fa-b8db-4481-aa42-f42bf6ccf5c9","C:\ProgramData\Microsoft\Windows\WER\ReportArchive","26-06-2026 13:13:52"
"NonCritical_Update;MoUpdateO_9346e6fce7114aa083b03eedd18960498076834a_00000000_6564751d-c0ca-4ee8-a047-199b65b64367","C:\ProgramData\Microsoft\Windows\WER\ReportArchive","30-07-2026 11:48:32"
"NonCritical_Update;MoUpdateO_9346e6fce7114aa083b03eedd18960498076834a_00000000_7c1dd389-fa82-4f5b-a063-cc9e3bb0ceef","C:\ProgramData\Microsoft\Windows\WER\ReportArchive","18-08-2026 09:59:45"
"NonCritical_Update;MoUpdateO_9346e6fce7114aa083b03eedd18960498076834a_00000000_997510ef-8e6b-4195-9dba-eb8da60b69d2","C:\ProgramData\Microsoft\Windows\WER\ReportArchive","28-07-2026 10:39:46"
"NonCritical_Update;MoUpdateO_9346e6fce7114aa083b03eedd18960498076834a_00000000_f2970cd0-47b3-4b34-90d7-e002bed87461","C:\ProgramData\Microsoft\Windows\WER\ReportArchive","29-07-2026 11:25:48"
"NonCritical_Update;MoUpdateO_a9e0a5dc54551ab4734fa2508aacb267da03a7a_00000000_411fead9-a660-43e1-9304-9b803f15c953","C:\ProgramData\Microsoft\Windows\WER\ReportArchive","30-07-2026 11:48:35"
"NonCritical_Update;MoUpdateO_a9e0a5dc54551ab4734fa2508aacb267da03a7a_00000000_86107b30-2be8-41b9-995d-6cb758d1a999","C:\ProgramData\Microsoft\Windows\WER\ReportArchive","29-07-2026 11:25:55"
"NonCritical_Update;MoUpdateO_c675b433f3ebae72d76177aaff8fe69dc49921d1_00000000_7cfe9ef6-0415-4201-9ef0-4861bb495e82","C:\ProgramData\Microsoft\Windows\WER\ReportArchive","20-07-2026 10:17:48"
"NonCritical_Update;MoUpdateO_c675b433f3ebae72d76177aaff8fe69dc49921d1_00000000_eacf0a8c-6522-4504-8696-94f1e818767e","C:\ProgramData\Microsoft\Windows\WER\ReportArchive","14-07-2026 19:31:16"
"NonCritical_Update;MoUpdateO_c8c5ed69cd82811077b3ec53cef3d8d6a7cb8a4_00000000_8469e2f0-924c-459c-beba-2a48f22bbc0b","C:\ProgramData\Microsoft\Windows\WER\ReportArchive","18-08-2026 09:59:37"
"NonCritical_Update;MoUpdateO_d64f787680994d75d11ae12f193aa2578dd78cf3_00000000_0e2bc052-5fd3-49c3-ba87-993c51549edb","C:\ProgramData\Microsoft\Windows\WER\ReportArchive","09-07-2026 11:20:52"
"NonCritical_Update;MoUpdateO_d64f787680994d75d11ae12f193aa2578dd78cf3_00000000_8c9f7497-4d7e-4448-8c85-cb0549e88706","C:\ProgramData\Microsoft\Windows\WER\ReportArchive","08-07-2026 10:36:45"
"NonCritical_Update;MoUpdateO_d64f787680994d75d11ae12f193aa2578dd78cf3_00000000_afa0ab59-1cee-41b0-a069-b1f25cd72130","C:\ProgramData\Microsoft\Windows\WER\ReportArchive","12-07-2026 18:27:18"
"NonCritical_Update;MoUpdateO_dbbfd829b4788ba4cf59fc69e55773a225511e_00000000_de99275c-95c7-4eb9-9d83-c06dc4109308","C:\ProgramData\Microsoft\Windows\WER\ReportArchive","11-08-2026 10:45:01"
"NonCritical_Update;MoUpdateO_f19d238ab4c3e0e792625f37c60f3fd4f3891b5_00000000_463aa285-98f5-40e7-a596-784b908b5d1c","C:\ProgramData\Microsoft\Windows\WER\ReportArchive","26-06-2026 13:14:15"
"NonCritical_Update;MoUpdateO_f19d238ab4c3e0e792625f37c60f3fd4f3891b5_00000000_6763c88d-f80a-4d68-b87a-f7cf927eed44","C:\ProgramData\Microsoft\Windows\WER\ReportArchive","24-06-2026 13:35:16"
"NonCritical_Update;MoUpdateO_f19d238ab4c3e0e792625f37c60f3fd4f3891b5_00000000_70ca38f4-9f44-41c6-9024-7d6efb67d966","C:\ProgramData\Microsoft\Windows\WER\ReportArchive","20-07-2026 10:18:30"
"NonCritical_Update;MoUpdateO_f19d238ab4c3e0e792625f37c60f3fd4f3891b5_00000000_912cf1af-9d54-460c-96c3-191dbd98b06c","C:\ProgramData\Microsoft\Windows\WER\ReportArchive","08-07-2026 10:37:05"
"NonCritical_Update;MoUpdateO_f19d238ab4c3e0e792625f37c60f3fd4f3891b5_00000000_9fd39237-f75b-4918-9d76-5e6065527c91","C:\ProgramData\Microsoft\Windows\WER\ReportArchive","02-07-2026 10:58:54"
"NonCritical_Update;MoUpdateO_f19d238ab4c3e0e792625f37c60f3fd4f3891b5_00000000_a73cd840-1947-4d39-b639-1510b9147d59","C:\ProgramData\Microsoft\Windows\WER\ReportArchive","22-06-2026 11:04:30"
"NonCritical_Update;_5f94d32a3df33b5ecbda18eb9c393698f0ef9756_00000000_1352a123-4c1b-4001-84c4-1a40fb173c7e","C:\ProgramData\Microsoft\Windows\WER\ReportArchive","09-06-2026 09:45:18"
"NonCritical_Update;_5f94d32a3df33b5ecbda18eb9c393698f0ef9756_00000000_f49e1b59-56e2-47a1-a204-873d1055bcee","C:\ProgramData\Microsoft\Windows\WER\ReportArchive","09-06-2026 09:45:16"
"NonCritical_Update;_89f57fdfe153dbc4cfb036eab060df399f383aa_00000000_bcb38590-e01a-4423-8542-376df954f197","C:\ProgramData\Microsoft\Windows\WER\ReportArchive","06-07-2026 09:11:54"
"NonCritical_Update;_89f57fdfe153dbc4cfb036eab060df399f383aa_00000000_c0d16d8c-c0eb-4ffb-826e-3deb4259af3e","C:\ProgramData\Microsoft\Windows\WER\ReportArchive","06-07-2026 09:11:52"
"NonCritical_VerifierFailure_4df4341f3dcca3c9f4b8509c71a11d5579588d_00000000_57dc3118-4cf6-4b8b-b3b5-53edf26f92dd","C:\ProgramData\Microsoft\Windows\WER\ReportArchive","20-06-2026 05:23:09"
"Kernel_193_abd9cbf140bb5029fbabb5aa6c6c6f4af01df5bf_00000000_e47de6fb-dda6-43b7-95d8-4f271c908dcb","C:\ProgramData\Microsoft\Windows\WER\ReportQueue","19-08-2026 14:18:38"
"Kernel_193_fde6ca7bf15cd6bced14410b0b1972a766aba_00000000_ab53bcfd-f0a6-4eec-897b-bdc111b0593d","C:\ProgramData\Microsoft\Windows\WER\ReportQueue","19-08-2026 14:18:37"
"Kernel_1a8_3748bd66a7bb3ae96eac533a61a9ac86d47cc_00000000_a2e929d0-2850-4380-898f-4dfd04c05c39","C:\ProgramData\Microsoft\Windows\WER\ReportQueue","19-08-2026 14:18:38"
"Kernel_1a8_3748bd66a7bb3ae96eac533a61a9ac86d47cc_00000000_ec33cea1-82be-4259-91f8-9fcce02ba34e","C:\ProgramData\Microsoft\Windows\WER\ReportQueue","19-08-2026 14:18:38"
"Kernel_1b8_8fa7e01760fd533c5dce8eb299b7ad27ad53e77_00000000_573d8d8f-c6bf-486a-b7db-af9469fa7aca","C:\ProgramData\Microsoft\Windows\WER\ReportQueue","19-08-2026 14:18:38"
