"DeviceName","Manufacturer","DriverVersion","DriverDate","DriverProviderName","InfName","IsSigned"
"WAN Miniport (Network Monitor)","Microsoft","10.0.26100.1","21-06-2006 05:30:00","Microsoft","netrasa.inf","True"
"WAN Miniport (IPv6)","Microsoft","10.0.26100.1","21-06-2006 05:30:00","Microsoft","netrasa.inf","True"
"WAN Miniport (IP)","Microsoft","10.0.26100.1","21-06-2006 05:30:00","Microsoft","netrasa.inf","True"
"WAN Miniport (PPPOE)","Microsoft","10.0.26100.1","21-06-2006 05:30:00","Microsoft","netrasa.inf","True"
"WAN Miniport (PPTP)","Microsoft","10.0.26100.1","21-06-2006 05:30:00","Microsoft","netrasa.inf","True"
"WAN Miniport (L2TP)","Microsoft","10.0.26100.1","21-06-2006 05:30:00","Microsoft","netrasa.inf","True"
"WAN Miniport (IKEv2)","Microsoft","10.0.26100.1","21-06-2006 05:30:00","Microsoft","netavpna.inf","True"
"WAN Miniport (SSTP)","Microsoft","10.0.26100.1","21-06-2006 05:30:00","Microsoft","netsstpa.inf","True"
"Generic software device","Microsoft","10.0.26100.1","21-06-2006 05:30:00","Microsoft","c_swdevice.inf","True"
"Generic software device","Microsoft","10.0.26100.1","21-06-2006 05:30:00","Microsoft","c_swdevice.inf","True"
"Generic software device","Microsoft","10.0.26100.1","21-06-2006 05:30:00","Microsoft","c_swdevice.inf","True"
"Generic software device","Microsoft","10.0.26100.1","21-06-2006 05:30:00","Microsoft","c_swdevice.inf","True"
"Generic software device","Microsoft","10.0.26100.1","21-06-2006 05:30:00","Microsoft","c_swdevice.inf","True"
"Local Print Queue","Microsoft","10.0.26100.1","21-06-2006 05:30:00","Microsoft","printqueue.inf","True"
"Local Print Queue","Microsoft","10.0.26100.1","21-06-2006 05:30:00","Microsoft","printqueue.inf","True"
"Local Print Queue","Microsoft","10.0.26100.1","21-06-2006 05:30:00","Microsoft","printqueue.inf","True"
"Local Print Queue","TSC","10.0.26100.1","21-06-2006 05:30:00","Microsoft","printqueue.inf","True"
"Network Printer Connection","Xerox","10.0.26100.1","21-06-2006 05:30:00","Microsoft","printqueue.inf","True"
"Network Printer Connection","Xerox","10.0.26100.1","21-06-2006 05:30:00","Microsoft","printqueue.inf","True"
"Local Print Queue","Microsoft","10.0.26100.1","21-06-2006 05:30:00","Microsoft","printqueue.inf","True"
"Generic software device","Microsoft","10.0.26100.1","21-06-2006 05:30:00","Microsoft","c_swdevice.inf","True"
"Generic software device","Microsoft","10.0.26100.1","21-06-2006 05:30:00","Microsoft","c_swdevice.inf","True"
"Generic software device","Microsoft","10.0.26100.1","21-06-2006 05:30:00","Microsoft","c_swdevice.inf","True"
"Generic software device","Microsoft","10.0.26100.1","21-06-2006 05:30:00","Microsoft","c_swdevice.inf","True"
"Generic software device","Microsoft","10.0.26100.1","21-06-2006 05:30:00","Microsoft","c_swdevice.inf","True"
"Voice Clarity","Microsoft Corporation","1.0.4.7057","16-06-2026 05:30:00","Microsoft Corporation","oem534.inf","True"
"Computer Device","Microsoft","10.0.26100.1","21-06-2006 05:30:00","Microsoft","compdev.inf","True"
"Remote Desktop Device Redirector Bus","Microsoft","10.0.26100.8737","21-06-2006 05:30:00","Microsoft","rdpbus.inf","True"
"HID-compliant mouse","Microsoft","10.0.26100.1150","21-06-2006 05:30:00","Microsoft","msmouse.inf","True"
"HID-compliant system controller","(Standard system devices)","10.0.26100.8875","21-06-2006 05:30:00","Microsoft","input.inf","True"
"HID-compliant consumer control device","Microsoft","10.0.26100.1","21-06-2006 05:30:00","Microsoft","hidserv.inf","True"
"HID Keyboard Device","(Standard keyboards)","10.0.26100.8521","21-06-2006 05:30:00","Microsoft","keyboard.inf","True"
"HID Keyboard Device","(Standard keyboards)","10.0.26100.8521","21-06-2006 05:30:00","Microsoft","keyboard.inf","True"
"USB Input Device","(Standard system devices)","10.0.26100.8875","21-06-2006 05:30:00","Microsoft","input.inf","True"
"USB Composite Device","(Standard USB Host Controller)","10.0.26100.8737","21-06-2006 05:30:00","Microsoft","usb.inf","True"
"Dell Peripheral Manager","Dell Inc.","1.2.0.31","21-02-2024 05:30:00","Dell Inc.","oem199.inf","True"
"Microsoft Streaming Service Proxy","Microsoft","10.0.26100.1","21-06-2006 05:30:00","Microsoft","ksfilter.inf","True"
"Plug and Play Software Device Enumerator","(Standard system devices)","10.0.26100.4202","23-05-2025 05:30:00","Microsoft","swenum.inf","True"
"Microsoft System Management BIOS Driver","(Standard system devices)","10.0.26100.1","21-06-2006 05:30:00","Microsoft","mssmbios.inf","True"
"NDIS Virtual Network Adapter Enumerator","Microsoft","10.0.26100.1","21-06-2006 05:30:00","Microsoft","ndisvirtualbus.inf","True"
"DellInstrumentation Device","Dell Technologies","2.9.2.0","09-05-2025 05:30:00","Dell Technologies","oem46.inf","True"
"Microsoft Basic Render Driver","Microsoft","10.0.26100.8521","21-06-2006 05:30:00","Microsoft","basicrender.inf","True"
"NVMe Firmware 58.33.01.09","Dell, Inc.","58.33.1.9","01-01-2026 05:30:00","Dell, Inc.","oem398.inf","True"
"System Firmware 2.11.1","Dell, Inc.","2.11.1.0","02-12-2026 05:30:00","Dell, Inc.","oem340.inf","True"
"Microsoft UEFI-Compliant System","Microsoft","10.0.26100.8737","21-06-2006 05:30:00","Microsoft","uefi.inf","True"
"Trusted Platform Module 2.0","(Standard)","10.0.26100.8521","21-06-2006 05:30:00","Microsoft","tpm.inf","True"
"Motherboard resources","(Standard system devices)","10.0.26100.1150","21-06-2006 05:30:00","Microsoft","machine.inf","True"
"UCM-UCSI ACPI Device","Microsoft","10.0.26100.8521","21-06-2006 05:30:00","Microsoft","ucmucsiacpiclient.inf","True"
"Intel(R) Innovation Platform Framework Generic Participant","Intel","2.3.20304.7","05-01-2026 05:30:00","Intel","oem549.inf","True"
"Intel(R) Innovation Platform Framework Generic Participant","Intel","2.3.20304.7","05-01-2026 05:30:00","Intel","oem549.inf","True"
"Intel(R) Innovation Platform Framework Generic Participant","Intel","2.3.20304.7","05-01-2026 05:30:00","Intel","oem549.inf","True"
"Intel(R) Innovation Platform Framework Generic Participant","Intel","2.3.20304.7","05-01-2026 05:30:00","Intel","oem549.inf","True"
"Intel(R) Innovation Platform Framework Generic Participant","Intel","2.3.20304.7","05-01-2026 05:30:00","Intel","oem549.inf","True"
"Intel(R) Innovation Platform Framework Generic Participant","Intel","2.3.20304.7","05-01-2026 05:30:00","Intel","oem549.inf","True"
"Intel(R) Innovation Platform Framework PCH ACPI Participant","Intel","2.3.20304.7","05-01-2026 05:30:00","Intel","oem549.inf","True"
"Intel(R) Innovation Platform Framework Manager","Intel","2.3.20304.7","05-01-2026 05:30:00","Intel","oem549.inf","True"
"Generic Bus","(Standard system devices)","10.0.26100.1150","21-06-2006 05:30:00","Microsoft","machine.inf","True"
"Microsoft Windows Management Interface for ACPI","Microsoft","10.0.26100.1150","21-06-2006 05:30:00","Microsoft","wmiacpi.inf","True"
"ACPI Audio Compositor Device","Microsoft","10.0.2410.7","17-01-2025 05:30:00","Microsoft","oem84.inf","True"
"HID-compliant system controller","(Standard system devices)","10.0.26100.8875","21-06-2006 05:30:00","Microsoft","input.inf","True"
"HID-compliant consumer control device","Microsoft","10.0.26100.1","21-06-2006 05:30:00","Microsoft","hidserv.inf","True"
"HID Keyboard Device","(Standard keyboards)","10.0.26100.8521","21-06-2006 05:30:00","Microsoft","keyboard.inf","True"
"Converted Portable Device Control device","Microsoft","10.0.26100.4484","21-06-2006 05:30:00","Microsoft","buttonconverter.inf","True"
"Portable Device Control device","Microsoft","10.0.26100.4484","21-06-2006 05:30:00","Microsoft","buttonconverter.inf","True"
"HID-compliant system controller","(Standard system devices)","10.0.26100.8875","21-06-2006 05:30:00","Microsoft","input.inf","True"
"Intel(R) HID Event Filter","Intel(R) Corporation","2.2.2.18","19-11-2025 05:30:00","Intel(R) Corporation","oem526.inf","True"
"Microsoft ACPI-Compliant Control Method Battery","Microsoft","10.0.26100.8655","21-06-2006 05:30:00","Microsoft","cmbatt.inf","True"
"Microsoft AC Adapter","Microsoft","10.0.26100.8655","21-06-2006 05:30:00","Microsoft","cmbatt.inf","True"
"ACPI Sleep Button","(Standard system devices)","10.0.26100.1150","21-06-2006 05:30:00","Microsoft","machine.inf","True"
"ACPI Lid","(Standard system devices)","10.0.26100.1150","21-06-2006 05:30:00","Microsoft","machine.inf","True"
"Microsoft Windows Management Interface for ACPI","Microsoft","10.0.26100.1150","21-06-2006 05:30:00","Microsoft","wmiacpi.inf","True"
"Microsoft Windows Management Interface for ACPI","Microsoft","10.0.26100.1150","21-06-2006 05:30:00","Microsoft","wmiacpi.inf","True"
"Microsoft Windows Management Interface for ACPI","Microsoft","10.0.26100.1150","21-06-2006 05:30:00","Microsoft","wmiacpi.inf","True"
"Microsoft Windows Management Interface for ACPI","Microsoft","10.0.26100.1150","21-06-2006 05:30:00","Microsoft","wmiacpi.inf","True"
"Microsoft Windows Management Interface for ACPI","Microsoft","10.0.26100.1150","21-06-2006 05:30:00","Microsoft","wmiacpi.inf","True"
"Microsoft Windows Management Interface for ACPI","Microsoft","10.0.26100.1150","21-06-2006 05:30:00","Microsoft","wmiacpi.inf","True"
"Intel(R) Power Engine Plug-in","Intel Corporation","10.0.26100.8737","21-06-2006 05:30:00","Microsoft","intelpep.inf","True"
"Microsoft Windows Management Interface for ACPI","Microsoft","10.0.26100.1150","21-06-2006 05:30:00","Microsoft","wmiacpi.inf","True"
"Microsoft Windows Management Interface for ACPI","Microsoft","10.0.26100.1150","21-06-2006 05:30:00","Microsoft","wmiacpi.inf","True"
"ACPI Processor Aggregator","(Standard system devices)","10.0.26100.1150","21-06-2006 05:30:00","Microsoft","acpipagr.inf","True"
"Intel Processor","Intel","10.0.26100.8737","21-04-2009 05:30:00","Microsoft","cpu.inf","True"
"Intel Processor","Intel","10.0.26100.8737","21-04-2009 05:30:00","Microsoft","cpu.inf","True"
"Intel Processor","Intel","10.0.26100.8737","21-04-2009 05:30:00","Microsoft","cpu.inf","True"
"Intel Processor","Intel","10.0.26100.8737","21-04-2009 05:30:00","Microsoft","cpu.inf","True"
"Intel Processor","Intel","10.0.26100.8737","21-04-2009 05:30:00","Microsoft","cpu.inf","True"
"Intel Processor","Intel","10.0.26100.8737","21-04-2009 05:30:00","Microsoft","cpu.inf","True"
"Intel Processor","Intel","10.0.26100.8737","21-04-2009 05:30:00","Microsoft","cpu.inf","True"
"Intel Processor","Intel","10.0.26100.8737","21-04-2009 05:30:00","Microsoft","cpu.inf","True"
"Intel Processor","Intel","10.0.26100.8737","21-04-2009 05:30:00","Microsoft","cpu.inf","True"
"Intel Processor","Intel","10.0.26100.8737","21-04-2009 05:30:00","Microsoft","cpu.inf","True"
"Intel Processor","Intel","10.0.26100.8737","21-04-2009 05:30:00","Microsoft","cpu.inf","True"
"Intel Processor","Intel","10.0.26100.8737","21-04-2009 05:30:00","Microsoft","cpu.inf","True"
"Intel Processor","Intel","10.0.26100.8737","21-04-2009 05:30:00","Microsoft","cpu.inf","True"
"Intel Processor","Intel","10.0.26100.8737","21-04-2009 05:30:00","Microsoft","cpu.inf","True"
"Intel(R) Serial IO GPIO Host Controller - INTC105E","Intel Corporation","30.100.2527.40","07-03-2025 05:30:00","Intel Corporation","oem391.inf","True"
"Motherboard resources","(Standard system devices)","10.0.26100.1150","21-06-2006 05:30:00","Microsoft","machine.inf","True"
"Motherboard resources","(Standard system devices)","10.0.26100.1150","21-06-2006 05:30:00","Microsoft","machine.inf","True"
"Motherboard resources","(Standard system devices)","10.0.26100.1150","21-06-2006 05:30:00","Microsoft","machine.inf","True"
"Motherboard resources","(Standard system devices)","10.0.26100.1150","21-06-2006 05:30:00","Microsoft","machine.inf","True"
"Intel(R) Ethernet Connection (24) I219-LM","Intel","20.0.3.28","02-05-2026 05:30:00","Intel","oem568.inf","True"
"Docking Station","(Standard system devices)","10.0.26100.1150","21-06-2006 05:30:00","Microsoft","machine.inf","True"
"Motherboard resources","(Standard system devices)","10.0.26100.1150","21-06-2006 05:30:00","Microsoft","machine.inf","True"
"ACPI Wake Alarm","(Standard system devices)","10.0.26100.1150","21-06-2006 05:30:00","Microsoft","acpitime.inf","True"
"Intel (R) SPI (flash) controller - 7723","INTEL","10.1.57.6","18-07-1968 05:30:00","INTEL","oem188.inf","True"
"Intel (R) SMBus - 7722","INTEL","10.1.57.6","18-07-1968 05:30:00","INTEL","oem188.inf","True"
"Audio Endpoint","Microsoft","10.0.26100.1","31-03-2024 05:30:00","Microsoft","audioendpoint.inf","True"
"HD Audio Driver for Display Audio","Intel Corporation","32.0.101.8724","16-04-2026 05:30:00","Intel Corporation","oem346.inf","True"
"HD Audio Driver for Display Audio","Intel Corporation","32.0.101.8724","16-04-2026 05:30:00","Intel Corporation","oem346.inf","True"
"Intel® Smart Sound Technology for Bluetooth® LE Audio","Intel® Corporation","20.40.12690.2","30-03-2026 05:30:00","Intel(R) Corporation","oem51.inf","True"
"Intel® Smart Sound Technology for Bluetooth® Audio","Intel(R) Corporation","20.40.12690.2","30-03-2026 05:30:00","Intel(R) Corporation","oem32.inf","True"
"SoundWire ACX Streaming for SDW - Headset Earphone","Intel(R) Corporation","20.40.12690.2","30-03-2026 05:30:00","Intel(R) Corporation","oem43.inf","True"
"SoundWire ACX Streaming for SDW - Headset Microphone","Intel(R) Corporation","20.40.12690.2","30-03-2026 05:30:00","Intel(R) Corporation","oem43.inf","True"
"SoundWire ACX Streaming for SDW - Speaker","Intel(R) Corporation","20.40.12690.2","30-03-2026 05:30:00","Intel(R) Corporation","oem43.inf","True"
"SoundWire ACX Streaming for SDW - Microphone Array","Intel(R) Corporation","20.40.12690.2","30-03-2026 05:30:00","Intel(R) Corporation","oem43.inf","True"
"Intel ACX Streaming for SDW","Intel(R) Corporation","20.40.12690.2","30-03-2026 05:30:00","Intel(R) Corporation","oem43.inf","True"
"Intel® Smart Sound Technology for USB Audio","Intel(R) Corporation","20.40.12690.2","30-03-2026 05:30:00","Intel(R) Corporation","oem15.inf","True"
"Cirrus Logic Global Mic Mute Service","Cirrus Logic, Inc.","1.0.16.51","20-02-2026 05:30:00","Cirrus Logic, Inc.","oem166.inf","True"
"Cirrus Logic Legacy Logging Service","Cirrus Logic, Inc.","15.23.33.748","11-01-2025 05:30:00","Cirrus Logic, Inc.","oem170.inf","True"
"HID-compliant headset","Microsoft","10.0.26100.8737","21-04-2009 05:30:00","Microsoft","hidtelephonydriver.inf","True"
"HID-compliant consumer control device","Microsoft","10.0.26100.1","21-06-2006 05:30:00","Microsoft","hidserv.inf","True"
"Virtual HID Framework (VHF) HID device","Microsoft","10.0.26100.8521","21-06-2006 05:30:00","Microsoft","hidvhf.inf","True"
"SoundWire HID","Microsoft","10.0.2410.7","17-01-2025 05:30:00","Microsoft","oem64.inf","True"
"XuCsMe Speaker(Ext)","Cirrus Logic SDCA XU Audio Device","1.0.435.18044","19-04-2025 05:30:00","Cirrus Logic, Inc.","oem147.inf","True"
"XuCsMe Microphone(Ext)","Cirrus Logic SDCA XU Audio Device","1.0.435.18044","19-04-2025 05:30:00","Cirrus Logic, Inc.","oem147.inf","True"
"Cirrus Jack Retasking Audio Module","Cirrus Logic SDCA XU Audio Device","1.0.435.18044","19-04-2025 05:30:00","Cirrus Logic, Inc.","oem147.inf","True"
"intelliGo Audio Service Component","intelliGo","100.1.4.2740","04-09-2026 05:30:00","intelliGo","oem525.inf","True"
"intelliGo Audio Processing Object","intelliGo","100.1.4.2740","04-09-2026 05:30:00","intelliGo","oem457.inf","True"
"SoundWire Audio","Microsoft","10.0.2410.7","17-01-2025 05:30:00","Microsoft","oem66.inf","True"
"Cirrus Logic Enhance APO","Cirrus Logic, Inc.","1.13.6.313","17-12-2024 05:30:00","Cirrus Logic, Inc.","oem174.inf","True"
"CLABP service","Cirrus Logic, Inc.","2026.4.0.0","02-11-2026 05:30:00","Cirrus Logic, Inc.","oem443.inf","True"
"SoundWire Audio","Microsoft","10.0.2410.7","17-01-2025 05:30:00","Microsoft","oem66.inf","True"
"SoundWire Audio","Microsoft","10.0.2410.7","17-01-2025 05:30:00","Microsoft","oem66.inf","True"
"XuCsMe Microphone(Ext)","Cirrus Logic SDCA XU Audio Device","1.0.435.18044","19-04-2025 05:30:00","Cirrus Logic, Inc.","oem147.inf","True"
"Audio Endpoint","Microsoft","10.0.26100.1","31-03-2024 05:30:00","Microsoft","audioendpoint.inf","True"
"intelliGo Audio Service Component","intelliGo","100.1.4.2740","04-09-2026 05:30:00","intelliGo","oem525.inf","True"
"intelliGo Audio Processing Object","intelliGo","100.1.4.2740","04-09-2026 05:30:00","intelliGo","oem457.inf","True"
"SoundWire Audio","Microsoft","10.0.2410.7","17-01-2025 05:30:00","Microsoft","oem66.inf","True"
"SoundWire Audio","Microsoft","10.0.2410.7","17-01-2025 05:30:00","Microsoft","oem66.inf","True"
"XuCsMe Speaker(Ext)","Cirrus Logic SDCA XU Audio Device","1.0.435.18044","19-04-2025 05:30:00","Cirrus Logic, Inc.","oem147.inf","True"
"Audio Endpoint","Microsoft","10.0.26100.1","31-03-2024 05:30:00","Microsoft","audioendpoint.inf","True"
"Cirrus Logic Enhance APO","Cirrus Logic, Inc.","1.13.6.313","17-12-2024 05:30:00","Cirrus Logic, Inc.","oem174.inf","True"
"CLABP service","Cirrus Logic, Inc.","2026.4.0.0","02-11-2026 05:30:00","Cirrus Logic, Inc.","oem443.inf","True"
"SoundWire Audio","Microsoft","10.0.2410.7","17-01-2025 05:30:00","Microsoft","oem66.inf","True"
"SoundWire Audio","Microsoft","10.0.2410.7","17-01-2025 05:30:00","Microsoft","oem66.inf","True"
"SoundWire Audio Multifunction Device","SoundWire Audio Multifunction Device","10.0.2410.7","17-01-2025 05:30:00","Microsoft","oem58.inf","True"
"SoundWire Audio","Microsoft","10.0.2410.7","17-01-2025 05:30:00","Microsoft","oem80.inf","True"
"Intel® Smart Sound Technology MIPI SoundWire® Controller","Intel(R) Corporation","20.40.12690.2","30-03-2026 05:30:00","Intel(R) Corporation","oem41.inf","True"
"Intel® Smart Sound Technology Detection Verification","Intel(R) Corporation","1.0.4138.0","02-02-2026 05:30:00","Intel(R) Corporation","oem37.inf","True"
"Intel® Smart Sound Technology OED","Intel(R) Corporation","20.40.12690.2","30-03-2026 05:30:00","Intel(R) Corporation","oem10.inf","True"
"Intel® Smart Sound Technology BUS","Intel(R) Corporation","20.40.12690.2","30-03-2026 05:30:00","Intel(R) Corporation","oem2.inf","True"
"Standard PS/2 Keyboard","(Standard keyboards)","10.0.26100.8521","21-06-2006 05:30:00","Microsoft","keyboard.inf","True"
"Microsoft ACPI-Compliant Embedded Controller","(Standard system devices)","10.0.26100.1150","21-06-2006 05:30:00","Microsoft","machine.inf","True"
"Motherboard resources","(Standard system devices)","10.0.26100.1150","21-06-2006 05:30:00","Microsoft","machine.inf","True"
"System timer","(Standard system devices)","10.0.26100.1150","21-06-2006 05:30:00","Microsoft","machine.inf","True"
"System CMOS/real time clock","(Standard system devices)","10.0.26100.1150","21-06-2006 05:30:00","Microsoft","machine.inf","True"
"Motherboard resources","(Standard system devices)","10.0.26100.1150","21-06-2006 05:30:00","Microsoft","machine.inf","True"
"Programmable interrupt controller","(Standard system devices)","10.0.26100.1150","21-06-2006 05:30:00","Microsoft","machine.inf","True"
"High precision event timer","(Standard system devices)","10.0.26100.1150","21-06-2006 05:30:00","Microsoft","machine.inf","True"
"Intel (R) LPC Controller/eSPI Controller - 7703","INTEL","10.1.57.6","18-07-1968 05:30:00","INTEL","oem188.inf","True"
"Intel(R) Serial IO UART Host Controller - 7725","Intel Corporation","30.100.2527.40","07-03-2025 05:30:00","Intel Corporation","oem72.inf","True"
"Intel(R) Wireless Manageability","Intel","267.102.85.0","02-11-2026 05:30:00","Intel","oem566.inf","True"
"Intel(R) Management Engine WMI Provider","Intel","2546.9.2.0","13-11-2025 05:30:00","Intel","oem567.inf","True"
"Intel(R) Management Engine Interface #1","Intel","2603.9.4.0","13-01-2026 05:30:00","Intel","oem561.inf","True"
"HID-compliant vendor-defined device","(Standard system devices)","10.0.26100.8875","21-06-2006 05:30:00","Microsoft","input.inf","True"
"Microsoft Input Configuration Device","Microsoft","10.0.26100.1150","21-06-2006 05:30:00","Microsoft","mtconfig.inf","True"
"HID-compliant touch pad","(Standard system devices)","10.0.26100.8875","21-06-2006 05:30:00","Microsoft","input.inf","True"
"HID-compliant mouse","Microsoft","10.0.26100.1150","21-06-2006 05:30:00","Microsoft","msmouse.inf","True"
"I2C HID Device","Microsoft","10.0.26100.8521","21-06-2006 05:30:00","Microsoft","hidi2c.inf","True"
"Intel(R) Serial IO I2C Host Controller - 777B","Intel Corporation","30.100.2527.40","07-03-2025 05:30:00","Intel Corporation","oem20.inf","True"
"Intel(R) Serial IO I2C Host Controller - 7778","Intel Corporation","30.100.2527.40","07-03-2025 05:30:00","Intel Corporation","oem20.inf","True"
"Intel(R) Wi-Fi 7 BE201 320MHz","Intel Corporation","24.50.0.4","20-05-2026 05:30:00","Intel","oem533.inf","True"
"PCI standard RAM Controller","(Standard system devices)","10.0.26100.1150","21-06-2006 05:30:00","Microsoft","machine.inf","True"
"HID-compliant vendor-defined device","(Standard system devices)","10.0.26100.8875","21-06-2006 05:30:00","Microsoft","input.inf","True"
"HID-compliant headset","Microsoft","10.0.26100.8737","21-04-2009 05:30:00","Microsoft","hidtelephonydriver.inf","True"
"HID-compliant consumer control device","Microsoft","10.0.26100.1","21-06-2006 05:30:00","Microsoft","hidserv.inf","True"
"USB Input Device","(Standard system devices)","10.0.26100.8875","21-06-2006 05:30:00","Microsoft","input.inf","True"
"Audio Endpoint","Microsoft","10.0.26100.1","31-03-2024 05:30:00","Microsoft","audioendpoint.inf","True"
"Audio Endpoint","Microsoft","10.0.26100.1","31-03-2024 05:30:00","Microsoft","audioendpoint.inf","True"
"USB Audio Device","(Generic USB Audio)","10.0.26100.8875","07-10-2026 05:30:00","Microsoft","wdma_usb.inf","True"
"USB Composite Device","(Standard USB Host Controller)","10.0.26100.8737","21-06-2006 05:30:00","Microsoft","usb.inf","True"
"HID-compliant device","(Standard system devices)","10.0.26100.8875","21-06-2006 05:30:00","Microsoft","input.inf","True"
"USB Input Device","(Standard system devices)","10.0.26100.8875","21-06-2006 05:30:00","Microsoft","input.inf","True"
"WinUsb Device","WinUsb Device","10.0.26100.8875","21-06-2006 05:30:00","Microsoft","winusb.inf","True"
"USB Composite Device","(Standard USB Host Controller)","10.0.26100.8737","21-06-2006 05:30:00","Microsoft","usb.inf","True"
"WinUsb Device","WinUsb Device","10.0.26100.8875","21-06-2006 05:30:00","Microsoft","winusb.inf","True"
"Generic USB Hub","(Standard USB HUBs)","10.0.26100.8737","18-06-2026 05:30:00","Microsoft","usbhub3.inf","True"
"Generic USB Hub","(Standard USB HUBs)","10.0.26100.8737","18-06-2026 05:30:00","Microsoft","usbhub3.inf","True"
"Dell Display and Peripheral Manager Software","Dell Technologies Inc.","1.0.0.8","03-03-2025 05:30:00","Dell Technologies Inc.","oem425.inf","True"
"Dell Universal Receiver HID-compliant vendor-defined device","Dell Inc.","2.2.0.0","12-03-2025 05:30:00","Dell Inc.","oem135.inf","True"
"HID-compliant vendor-defined device","(Standard system devices)","10.0.26100.8875","21-06-2006 05:30:00","Microsoft","input.inf","True"
"USB Input Device","(Standard system devices)","10.0.26100.8875","21-06-2006 05:30:00","Microsoft","input.inf","True"
"HID-compliant system controller","(Standard system devices)","10.0.26100.8875","21-06-2006 05:30:00","Microsoft","input.inf","True"
"HID-compliant consumer control device","Microsoft","10.0.26100.1","21-06-2006 05:30:00","Microsoft","hidserv.inf","True"
"HID-compliant mouse","Microsoft","10.0.26100.1150","21-06-2006 05:30:00","Microsoft","msmouse.inf","True"
"USB Input Device","(Standard system devices)","10.0.26100.8875","21-06-2006 05:30:00","Microsoft","input.inf","True"
"HID Keyboard Device","(Standard keyboards)","10.0.26100.8521","21-06-2006 05:30:00","Microsoft","keyboard.inf","True"
"USB Input Device","(Standard system devices)","10.0.26100.8875","21-06-2006 05:30:00","Microsoft","input.inf","True"
"USB Composite Device","(Standard USB Host Controller)","10.0.26100.8737","21-06-2006 05:30:00","Microsoft","usb.inf","True"
"Intel(R) Wireless Bluetooth(R)","Intel Corporation","24.50.0.4","05-08-2026 05:30:00","Intel Corporation","oem532.inf","True"
"WinUsb Device","WinUsb Device","10.0.26100.8875","21-06-2006 05:30:00","Microsoft","winusb.inf","True"
"Camera AI Effect Opt-out","Dell Technologies","1.0.0.1","27-06-2024 05:30:00","Dell Technologies","oem486.inf","True"
"USB Composite Device","(Standard USB Host Controller)","10.0.26100.8737","21-06-2006 05:30:00","Microsoft","usb.inf","True"
"USB Root Hub (USB 3.0)","(Standard USB HUBs)","10.0.26100.8737","18-06-2026 05:30:00","Microsoft","usbhub3.inf","True"
"USB xHCI Compliant Host Controller","Generic USB xHCI Host Controller","10.0.26100.8875","07-10-2026 05:30:00","Microsoft","usbxhci.inf","True"
"HID Sensor Collection V2","Microsoft","10.0.26100.8737","21-04-2009 05:30:00","Microsoft","sensorshidclassdriver.inf","True"
"Intel(R) ISS HID Device","Intel","5.8.50.0","25-08-2025 05:30:00","Intel","oem87.inf","True"
"Intel(R) ISS HID Bus","(Standard system devices)","5.8.52.0","09-02-2025 05:30:00","Intel","oem161.inf","True"
"Intel(R) HECI Protocol Device","Intel","5.8.55.0","23-09-2025 05:30:00","Intel","oem247.inf","True"
"Intel(R) Integrated Sensor Solution","Intel","5.8.52.0","09-02-2025 05:30:00","Intel","oem210.inf","True"
"Intel(R) Optane(TM) Memory and Storage Management Component","Intel Corporation","20.2.13.1038","04-02-2026 05:30:00","Intel Corporation","oem514.inf","True"
"Disk drive","(Standard disk drives)","10.0.26100.8521","21-06-2006 05:30:00","Microsoft","disk.inf","True"
"Intel RST VMD Controller 7D0B","Intel Corporation","20.2.13.1038","04-02-2026 05:30:00","Intel Corporation","oem512.inf","True"
"USB4 Root Router","Generic USB4 Device Router","10.0.26100.8737","18-06-2026 05:30:00","Microsoft","usb4devicerouter.inf","True"
"USB4 Virtual power coordination device",,,,,,
"USB4(TM) Host Router (Microsoft)","Generic USB4 Host Router","10.0.26100.8737","18-06-2026 05:30:00","Microsoft","usb4hostrouter.inf","True"
"Realtek USB GbE Family Controller","Realtek","1156.22.20.113","13-01-2026 05:30:00","Realtek","oem518.inf","True"
"Generic SuperSpeed USB Hub","(Standard USB HUBs)","10.0.26100.8737","18-06-2026 05:30:00","Microsoft","usbhub3.inf","True"
"Generic SuperSpeed USB Hub","(Standard USB HUBs)","10.0.26100.8737","18-06-2026 05:30:00","Microsoft","usbhub3.inf","True"
"USB Root Hub (USB 3.0)","(Standard USB HUBs)","10.0.26100.8737","18-06-2026 05:30:00","Microsoft","usbhub3.inf","True"
"USB xHCI Compliant Host Controller","Generic USB xHCI Host Controller","10.0.26100.8875","07-10-2026 05:30:00","Microsoft","usbxhci.inf","True"
"Windows Camera Effects","Microsoft Corporation","1.0.50.0","22-06-2026 05:30:00","Microsoft Corporation","oem544.inf","True"
"Windows Studio Effects Driver","Microsoft Corporation","1.0.50.0","22-06-2026 05:30:00","Microsoft Corporation","oem545.inf","True"
"Windows Camera Effects","Microsoft Corporation","1.0.50.0","22-06-2026 05:30:00","Microsoft Corporation","oem544.inf","True"
"Windows Studio Effects Driver","Microsoft Corporation","1.0.50.0","22-06-2026 05:30:00","Microsoft Corporation","oem545.inf","True"
"Intel(R) AI Boost","Intel Corporation","32.0.100.4778","28-04-2026 05:30:00","Intel Corporation","oem570.inf","True"
"Intel(R) PMT IPF Extension Provider","Intel","3.4.1007.0","03-12-2026 05:30:00","Intel","oem556.inf","True"
"Intel(R) Platform Monitoring Technology (PMT) Driver","Intel(R) Platform Monitoring Technology (PMT) Device","3.2.0.22","16-02-2026 05:30:00","Intel(R) Platform Monitoring Technology (PMT) Device","oem559.inf","True"
"Intel(R) GNA Scoring Accelerator module","Intel Corporation","3.5.0.1578","14-11-2023 05:30:00","Intel Corporation","oem54.inf","True"
"PCI Express Root Port","(Standard system devices)","10.0.26100.8737","21-06-2006 05:30:00","Microsoft","pci.inf","True"
"PCI Express Root Port","(Standard system devices)","10.0.26100.8737","21-06-2006 05:30:00","Microsoft","pci.inf","True"
"Intel RST VMD Managed Controller 09AB","Intel Corporation","20.2.13.1038","04-02-2026 05:30:00","Intel Corporation","oem512.inf","True"
"Intel(R) PPM Provisioning Package","Intel","1.0.0.158","15-07-2025 05:30:00","Intel","oem390.inf","True"
"Intel(R) Dynamic Tuning Technology","Intel","9.1.10010.2297","05-01-2026 05:30:00","Intel","oem548.inf","True"
"Intel(R) SoC Thermal IPF Extension Provider","Intel","3.4.1007.0","03-12-2026 05:30:00","Intel","oem557.inf","True"
"Intel(R) PerfMon IPF Extension Provider","Intel","3.4.1007.0","03-12-2026 05:30:00","Intel","oem555.inf","True"
"Intel(R) System Config IPF Extension Provider","Intel","3.4.1007.0","03-12-2026 05:30:00","Intel","oem558.inf","True"
"Intel(R) PCD Telemetry IPF Extension Provider","Intel","3.4.1007.0","03-12-2026 05:30:00","Intel","oem554.inf","True"
"Intel(R) Modern Standby IPF Extension Provider","Intel","3.4.1007.0","03-12-2026 05:30:00","Intel","oem553.inf","True"
"Intel(R) IGCL IPF Providers","Intel","16.1.0.257","08-05-2025 05:30:00","Intel","oem505.inf","True"
"Intel(R) Innovation Platform Framework Extensible Framework","Intel","2.3.20304.7","05-01-2026 05:30:00","Intel","oem550.inf","True"
"Intel(R) Innovation Platform Framework Processor Participant","Intel","2.3.20304.7","05-01-2026 05:30:00","Intel","oem550.inf","True"
"Dell U2422HE(USB Type_C)","Dell Inc.","1.0.0.0","10-02-2020 05:30:00","Dell Inc.","oem462.inf","True"
"Generic PnP Monitor","(Standard monitor types)","10.0.26100.8737","21-06-2006 05:30:00","Microsoft","monitor.inf","True"
"Intel(R) Graphics Software","Intel Corporation","32.0.101.8724","16-04-2026 05:30:00","Intel Corporation","oem500.inf","True"
"Intel(R) Graphics","Intel Corporation","32.0.101.8724","16-04-2026 05:30:00","Intel Corporation","oem27.inf","True"
"PCI standard host CPU bridge","(Standard system devices)","10.0.26100.1150","21-06-2006 05:30:00","Microsoft","machine.inf","True"
"PCI Express Root Complex","(Standard system devices)","10.0.26100.8737","21-06-2006 05:30:00","Microsoft","pci.inf","True"
"Microsoft ACPI-Compliant System","Microsoft","10.0.26100.8521","21-06-2006 05:30:00","Microsoft","acpi.inf","True"
"ACPI x64-based PC","(Standard computers)","10.0.26100.1","21-06-2006 05:30:00","Microsoft","hal.inf","True"
"Charge Arbitration Driver","(Standard system devices)","10.0.26100.8521","21-06-2006 05:30:00","Microsoft","ChargeArbitration.inf","True"
"UMBus Enumerator","Microsoft","10.0.26100.1150","21-06-2006 05:30:00","Microsoft","umbus.inf","True"
"Remote Desktop USB Hub","(Standard system devices)","10.0.26100.1150","21-06-2006 05:30:00","Microsoft","tsusbhub.inf","True"
"UMBus Enumerator","Microsoft","10.0.26100.1150","21-06-2006 05:30:00","Microsoft","umbus.inf","True"
"UMBus Enumerator","Microsoft","10.0.26100.1150","21-06-2006 05:30:00","Microsoft","umbus.inf","True"
"UMBus Enumerator","Microsoft","10.0.26100.1150","21-06-2006 05:30:00","Microsoft","umbus.inf","True"
"UMBus Root Bus Enumerator","Microsoft","10.0.26100.1150","21-06-2006 05:30:00","Microsoft","umbus.inf","True"
"Microsoft Kernel Debug Network Adapter","Microsoft","10.0.26100.8521","21-06-2006 05:30:00","Microsoft","kdnic.inf","True"
"Microsoft Storage Spaces Controller","Microsoft","10.0.26100.8875","21-06-2006 05:30:00","Microsoft","spaceport.inf","True"
"Microsoft Virtual Drive Enumerator","Microsoft","10.0.26100.1591","21-06-2006 05:30:00","Microsoft","vdrvroot.inf","True"
"Composite Bus Enumerator","Microsoft","10.0.26100.1150","21-06-2006 05:30:00","Microsoft","compositebus.inf","True"
"Microsoft Hyper-V Virtualization Infrastructure Driver","Microsoft","10.0.26100.8521","21-06-2006 05:30:00","Microsoft","wvid.inf","True"
"Check Point Virtual Network Adapter For Endpoint VPN Client","Check Point","2.1.3.0","27-07-2022 05:30:00","Check Point","oem40.inf","True"
"Microsoft Hypervisor Service","Microsoft","10.0.26100.8737","21-06-2006 05:30:00","Microsoft","hvservice.inf","True"
"Microsoft Basic Display Driver","(Standard display types)","10.0.26100.8521","21-06-2006 05:30:00","Microsoft","basicdisplay.inf","True"
"Volume","Microsoft","10.0.26100.5074","21-06-2006 05:30:00","Microsoft","volume.inf","True"
"Volume","Microsoft","10.0.26100.5074","21-06-2006 05:30:00","Microsoft","volume.inf","True"
"Volume","Microsoft","10.0.26100.5074","21-06-2006 05:30:00","Microsoft","volume.inf","True"
"Volume","Microsoft","10.0.26100.5074","21-06-2006 05:30:00","Microsoft","volume.inf","True"
"Volume Manager","Microsoft","10.0.26100.8521","21-06-2006 05:30:00","Microsoft","volmgr.inf","True"
,,,,,,
,,"",,,,"True"
,,"",,,,"True"
,,"2:10.0,2:6.3,2:6.2,2:6.1,2:6.0,2:5.2,2:5.1",,,,"True"
,,"2:10.0,2:6.3,2:6.2,2:6.1,2:6.0,2:5.2,2:5.1",,,,"True"
