"TimeCreated","Id","LevelDisplayName","ProviderName","Message"
"17-08-2026 10:03:02","104","Information","Microsoft-Windows-Diagnosis-Scripted","The scripted diagnostic engine completed diagnosing the diagnostic package MaintenanceDiagnostic."
"17-08-2026 10:02:58","103","Information","Microsoft-Windows-Diagnosis-Scripted","The scripted diagnostic engine started diagnosing the diagnostic package MaintenanceDiagnostic."
"17-08-2026 10:02:58","102","Information","Microsoft-Windows-Diagnosis-Scripted","The scripted diagnostic engine completed initializing a diagnostic package located at C:\Windows\diagnostics\scheduled\Maintenance."
"17-08-2026 10:02:57","101","Information","Microsoft-Windows-Diagnosis-Scripted","The scripted diagnostic engine started initializing a diagnostic package located at C:\Windows\diagnostics\scheduled\Maintenance."
"10-08-2026 10:21:28","104","Information","Microsoft-Windows-Diagnosis-Scripted","The scripted diagnostic engine completed diagnosing the diagnostic package MaintenanceDiagnostic."
"10-08-2026 10:21:26","103","Information","Microsoft-Windows-Diagnosis-Scripted","The scripted diagnostic engine started diagnosing the diagnostic package MaintenanceDiagnostic."
"10-08-2026 10:21:26","102","Information","Microsoft-Windows-Diagnosis-Scripted","The scripted diagnostic engine completed initializing a diagnostic package located at C:\Windows\diagnostics\scheduled\Maintenance."
"10-08-2026 10:21:26","101","Information","Microsoft-Windows-Diagnosis-Scripted","The scripted diagnostic engine started initializing a diagnostic package located at C:\Windows\diagnostics\scheduled\Maintenance."
"03-08-2026 09:40:01","104","Information","Microsoft-Windows-Diagnosis-Scripted","The scripted diagnostic engine completed diagnosing the diagnostic package MaintenanceDiagnostic."
"03-08-2026 09:39:51","103","Information","Microsoft-Windows-Diagnosis-Scripted","The scripted diagnostic engine started diagnosing the diagnostic package MaintenanceDiagnostic."
"03-08-2026 09:39:51","102","Information","Microsoft-Windows-Diagnosis-Scripted","The scripted diagnostic engine completed initializing a diagnostic package located at C:\Windows\diagnostics\scheduled\Maintenance."
"03-08-2026 09:39:51","101","Information","Microsoft-Windows-Diagnosis-Scripted","The scripted diagnostic engine started initializing a diagnostic package located at C:\Windows\diagnostics\scheduled\Maintenance."
"27-07-2026 09:25:14","104","Information","Microsoft-Windows-Diagnosis-Scripted","The scripted diagnostic engine completed diagnosing the diagnostic package MaintenanceDiagnostic."
"27-07-2026 09:25:10","103","Information","Microsoft-Windows-Diagnosis-Scripted","The scripted diagnostic engine started diagnosing the diagnostic package MaintenanceDiagnostic."
"27-07-2026 09:25:10","102","Information","Microsoft-Windows-Diagnosis-Scripted","The scripted diagnostic engine completed initializing a diagnostic package located at C:\Windows\diagnostics\scheduled\Maintenance."
"27-07-2026 09:25:09","101","Information","Microsoft-Windows-Diagnosis-Scripted","The scripted diagnostic engine started initializing a diagnostic package located at C:\Windows\diagnostics\scheduled\Maintenance."
"20-07-2026 11:27:29","104","Information","Microsoft-Windows-Diagnosis-Scripted","The scripted diagnostic engine completed diagnosing the diagnostic package MaintenanceDiagnostic."
"20-07-2026 11:27:29","103","Information","Microsoft-Windows-Diagnosis-Scripted","The scripted diagnostic engine started diagnosing the diagnostic package MaintenanceDiagnostic."
"20-07-2026 11:27:29","102","Information","Microsoft-Windows-Diagnosis-Scripted","The scripted diagnostic engine completed initializing a diagnostic package located at C:\Windows\diagnostics\scheduled\Maintenance."
"20-07-2026 11:27:28","101","Information","Microsoft-Windows-Diagnosis-Scripted","The scripted diagnostic engine started initializing a diagnostic package located at C:\Windows\diagnostics\scheduled\Maintenance."
"20-07-2026 11:27:28","104","Information","Microsoft-Windows-Diagnosis-Scripted","The scripted diagnostic engine completed diagnosing the diagnostic package MaintenanceDiagnostic."
"20-07-2026 11:27:26","103","Information","Microsoft-Windows-Diagnosis-Scripted","The scripted diagnostic engine started diagnosing the diagnostic package MaintenanceDiagnostic."
"20-07-2026 11:27:26","102","Information","Microsoft-Windows-Diagnosis-Scripted","The scripted diagnostic engine completed initializing a diagnostic package located at C:\Windows\diagnostics\scheduled\Maintenance."
"20-07-2026 11:27:26","101","Information","Microsoft-Windows-Diagnosis-Scripted","The scripted diagnostic engine started initializing a diagnostic package located at C:\Windows\diagnostics\scheduled\Maintenance."
"13-07-2026 12:10:58","104","Information","Microsoft-Windows-Diagnosis-Scripted","The scripted diagnostic engine completed diagnosing the diagnostic package MaintenanceDiagnostic."
"13-07-2026 12:10:57","103","Information","Microsoft-Windows-Diagnosis-Scripted","The scripted diagnostic engine started diagnosing the diagnostic package MaintenanceDiagnostic."
"13-07-2026 12:10:57","102","Information","Microsoft-Windows-Diagnosis-Scripted","The scripted diagnostic engine completed initializing a diagnostic package located at C:\Windows\diagnostics\scheduled\Maintenance."
"13-07-2026 12:10:56","101","Information","Microsoft-Windows-Diagnosis-Scripted","The scripted diagnostic engine started initializing a diagnostic package located at C:\Windows\diagnostics\scheduled\Maintenance."
"06-07-2026 09:34:27","104","Information","Microsoft-Windows-Diagnosis-Scripted","The scripted diagnostic engine completed diagnosing the diagnostic package MaintenanceDiagnostic."
"06-07-2026 09:34:27","103","Information","Microsoft-Windows-Diagnosis-Scripted","The scripted diagnostic engine started diagnosing the diagnostic package MaintenanceDiagnostic."
"06-07-2026 09:34:27","102","Information","Microsoft-Windows-Diagnosis-Scripted","The scripted diagnostic engine completed initializing a diagnostic package located at C:\Windows\diagnostics\scheduled\Maintenance."
"06-07-2026 09:34:26","101","Information","Microsoft-Windows-Diagnosis-Scripted","The scripted diagnostic engine started initializing a diagnostic package located at C:\Windows\diagnostics\scheduled\Maintenance."
"29-06-2026 09:23:02","104","Information","Microsoft-Windows-Diagnosis-Scripted","The scripted diagnostic engine completed diagnosing the diagnostic package MaintenanceDiagnostic."
"29-06-2026 09:23:02","103","Information","Microsoft-Windows-Diagnosis-Scripted","The scripted diagnostic engine started diagnosing the diagnostic package MaintenanceDiagnostic."
"29-06-2026 09:23:02","102","Information","Microsoft-Windows-Diagnosis-Scripted","The scripted diagnostic engine completed initializing a diagnostic package located at C:\Windows\diagnostics\scheduled\Maintenance."
"29-06-2026 09:23:00","101","Information","Microsoft-Windows-Diagnosis-Scripted","The scripted diagnostic engine started initializing a diagnostic package located at C:\Windows\diagnostics\scheduled\Maintenance."
"23-06-2026 09:32:23","104","Information","Microsoft-Windows-Diagnosis-Scripted","The scripted diagnostic engine completed diagnosing the diagnostic package MaintenanceDiagnostic."
"23-06-2026 09:32:21","103","Information","Microsoft-Windows-Diagnosis-Scripted","The scripted diagnostic engine started diagnosing the diagnostic package MaintenanceDiagnostic."
"23-06-2026 09:32:21","102","Information","Microsoft-Windows-Diagnosis-Scripted","The scripted diagnostic engine completed initializing a diagnostic package located at C:\Windows\diagnostics\scheduled\Maintenance."
"23-06-2026 09:32:21","101","Information","Microsoft-Windows-Diagnosis-Scripted","The scripted diagnostic engine started initializing a diagnostic package located at C:\Windows\diagnostics\scheduled\Maintenance."
"22-06-2026 10:21:29","102","Information","Microsoft-Windows-Diagnosis-Scripted","The scripted diagnostic engine completed initializing a diagnostic package located at C:\Windows\diagnostics\scheduled\Maintenance."
"22-06-2026 10:21:28","101","Information","Microsoft-Windows-Diagnosis-Scripted","The scripted diagnostic engine started initializing a diagnostic package located at C:\Windows\diagnostics\scheduled\Maintenance."
"15-06-2026 10:55:29","104","Information","Microsoft-Windows-Diagnosis-Scripted","The scripted diagnostic engine completed diagnosing the diagnostic package MaintenanceDiagnostic."
"15-06-2026 10:55:28","103","Information","Microsoft-Windows-Diagnosis-Scripted","The scripted diagnostic engine started diagnosing the diagnostic package MaintenanceDiagnostic."
"15-06-2026 10:55:28","102","Information","Microsoft-Windows-Diagnosis-Scripted","The scripted diagnostic engine completed initializing a diagnostic package located at C:\Windows\diagnostics\scheduled\Maintenance."
"15-06-2026 10:55:28","101","Information","Microsoft-Windows-Diagnosis-Scripted","The scripted diagnostic engine started initializing a diagnostic package located at C:\Windows\diagnostics\scheduled\Maintenance."
"07-06-2026 04:51:42","104","Information","Microsoft-Windows-Diagnosis-Scripted","The scripted diagnostic engine completed diagnosing the diagnostic package MaintenanceDiagnostic."
"07-06-2026 04:51:41","103","Information","Microsoft-Windows-Diagnosis-Scripted","The scripted diagnostic engine started diagnosing the diagnostic package MaintenanceDiagnostic."
"07-06-2026 04:51:41","102","Information","Microsoft-Windows-Diagnosis-Scripted","The scripted diagnostic engine completed initializing a diagnostic package located at C:\Windows\diagnostics\scheduled\Maintenance."
"07-06-2026 04:51:40","101","Information","Microsoft-Windows-Diagnosis-Scripted","The scripted diagnostic engine started initializing a diagnostic package located at C:\Windows\diagnostics\scheduled\Maintenance."
"01-06-2026 09:40:16","104","Information","Microsoft-Windows-Diagnosis-Scripted","The scripted diagnostic engine completed diagnosing the diagnostic package MaintenanceDiagnostic."
"01-06-2026 09:40:16","103","Information","Microsoft-Windows-Diagnosis-Scripted","The scripted diagnostic engine started diagnosing the diagnostic package MaintenanceDiagnostic."
"01-06-2026 09:40:16","102","Information","Microsoft-Windows-Diagnosis-Scripted","The scripted diagnostic engine completed initializing a diagnostic package located at C:\Windows\diagnostics\scheduled\Maintenance."
"01-06-2026 09:40:15","101","Information","Microsoft-Windows-Diagnosis-Scripted","The scripted diagnostic engine started initializing a diagnostic package located at C:\Windows\diagnostics\scheduled\Maintenance."
